STATION,NAME,DATE,AWND,PRCP,SNOW,TAVG,TMAX,TMIN
USW00094846,"CHICAGO OHARE INTERNATIONAL AIRPORT, IL US",01/01/2013,8.5,0,0,,25,11
USW00094846,"CHICAGO OHARE INTERNATIONAL AIRPORT, IL US",02/01/2013,8.05,0,0,,30,10
USW00094846,"CHICAGO OHARE INTERNATIONAL AIRPORT, IL US",03/01/2013,11.41,0,0,,29,18
USW00094846,"CHICAGO OHARE INTERNATIONAL AIRPORT, IL US",04/01/2013,13.2,0,0,,36,13
USW00094846,"CHICAGO OHARE INTERNATIONAL AIRPORT, IL US",05/01/2013,9.62,0.03,0.4,,39,18
USW00094846,"CHICAGO OHARE INTERNATIONAL AIRPORT, IL US",06/01/2013,11.86,0,0,,36,18
USW00094846,"CHICAGO OHARE INTERNATIONAL AIRPORT, IL US",07/01/2013,12.75,0,0,,41,15
USW00094846,"CHICAGO OHARE INTERNATIONAL AIRPORT, IL US",08/01/2013,9.62,0,0,,44,22
USW00094846,"CHICAGO OHARE INTERNATIONAL AIRPORT, IL US",09/01/2013,14.09,0,0,,50,27
USW00094846,"CHICAGO OHARE INTERNATIONAL AIRPORT, IL US",10/01/2013,8.5,0.63,0,,45,22
USW00094846,"CHICAGO OHARE INTERNATIONAL AIRPORT, IL US",11/01/2013,12.97,0.3,0,,52,42
USW00094846,"CHICAGO OHARE INTERNATIONAL AIRPORT, IL US",12/01/2013,13.2,0.06,0,,53,30
USW00094846,"CHICAGO OHARE INTERNATIONAL AIRPORT, IL US",13/01/2013,12.53,0.1,0,,30,14
USW00094846,"CHICAGO OHARE INTERNATIONAL AIRPORT, IL US",14/01/2013,6.49,0,0,,25,12
USW00094846,"CHICAGO OHARE INTERNATIONAL AIRPORT, IL US",15/01/2013,2.24,0,0,,31,12
USW00094846,"CHICAGO OHARE INTERNATIONAL AIRPORT, IL US",16/01/2013,13.87,0,0,,36,16
USW00094846,"CHICAGO OHARE INTERNATIONAL AIRPORT, IL US",17/01/2013,9.4,0,0,,33,20
USW00094846,"CHICAGO OHARE INTERNATIONAL AIRPORT, IL US",18/01/2013,14.76,0,0,,43,19
USW00094846,"CHICAGO OHARE INTERNATIONAL AIRPORT, IL US",19/01/2013,17,0,0,,47,28
USW00094846,"CHICAGO OHARE INTERNATIONAL AIRPORT, IL US",20/01/2013,16.11,0,0,,28,13
USW00094846,"CHICAGO OHARE INTERNATIONAL AIRPORT, IL US",21/01/2013,16.55,0,0,,15,5
USW00094846,"CHICAGO OHARE INTERNATIONAL AIRPORT, IL US",22/01/2013,10.96,0,0,,11,-1
USW00094846,"CHICAGO OHARE INTERNATIONAL AIRPORT, IL US",23/01/2013,12.75,0.01,0.4,,23,10
USW00094846,"CHICAGO OHARE INTERNATIONAL AIRPORT, IL US",24/01/2013,10.29,0,0,,22,4
USW00094846,"CHICAGO OHARE INTERNATIONAL AIRPORT, IL US",25/01/2013,11.63,0.06,1.1,,29,18
USW00094846,"CHICAGO OHARE INTERNATIONAL AIRPORT, IL US",26/01/2013,6.93,0,0,,28,13
USW00094846,"CHICAGO OHARE INTERNATIONAL AIRPORT, IL US",27/01/2013,14.32,0.58,0.1,,37,23
USW00094846,"CHICAGO OHARE INTERNATIONAL AIRPORT, IL US",28/01/2013,9.62,0.08,0,,48,37
USW00094846,"CHICAGO OHARE INTERNATIONAL AIRPORT, IL US",29/01/2013,13.2,1.33,0,,63,39
USW00094846,"CHICAGO OHARE INTERNATIONAL AIRPORT, IL US",30/01/2013,12.08,0.45,0.6,,44,21
USW00094846,"CHICAGO OHARE INTERNATIONAL AIRPORT, IL US",31/01/2013,18.34,0,0,,21,6
USW00094846,"CHICAGO OHARE INTERNATIONAL AIRPORT, IL US",01/02/2013,12.53,0.02,0.5,,14,0
USW00094846,"CHICAGO OHARE INTERNATIONAL AIRPORT, IL US",02/02/2013,8.72,0.12,1.8,,23,8
USW00094846,"CHICAGO OHARE INTERNATIONAL AIRPORT, IL US",03/02/2013,8.72,0.04,0.5,,21,9
USW00094846,"CHICAGO OHARE INTERNATIONAL AIRPORT, IL US",04/02/2013,8.72,0.19,2.4,,28,13
USW00094846,"CHICAGO OHARE INTERNATIONAL AIRPORT, IL US",05/02/2013,9.4,0.02,0.5,,31,6
USW00094846,"CHICAGO OHARE INTERNATIONAL AIRPORT, IL US",06/02/2013,6.71,0,0,,36,11
USW00094846,"CHICAGO OHARE INTERNATIONAL AIRPORT, IL US",07/02/2013,8.28,1.07,1.4,,34,31
USW00094846,"CHICAGO OHARE INTERNATIONAL AIRPORT, IL US",08/02/2013,11.63,0,0.1,,33,23
USW00094846,"CHICAGO OHARE INTERNATIONAL AIRPORT, IL US",09/02/2013,7.38,0,0,,32,20
USW00094846,"CHICAGO OHARE INTERNATIONAL AIRPORT, IL US",10/02/2013,16.33,0.29,0,,49,30
USW00094846,"CHICAGO OHARE INTERNATIONAL AIRPORT, IL US",11/02/2013,23.94,0,0,,45,29
USW00094846,"CHICAGO OHARE INTERNATIONAL AIRPORT, IL US",12/02/2013,9.4,0,0,,29,21
USW00094846,"CHICAGO OHARE INTERNATIONAL AIRPORT, IL US",13/02/2013,5.82,0,0,,44,19
USW00094846,"CHICAGO OHARE INTERNATIONAL AIRPORT, IL US",14/02/2013,12.75,0,0,,39,33
USW00094846,"CHICAGO OHARE INTERNATIONAL AIRPORT, IL US",15/02/2013,11.41,0,0,,33,20
USW00094846,"CHICAGO OHARE INTERNATIONAL AIRPORT, IL US",16/02/2013,10.51,0,0,,20,12
USW00094846,"CHICAGO OHARE INTERNATIONAL AIRPORT, IL US",17/02/2013,5.59,0,0,,30,9
USW00094846,"CHICAGO OHARE INTERNATIONAL AIRPORT, IL US",18/02/2013,17.22,0.29,0,,52,27
USW00094846,"CHICAGO OHARE INTERNATIONAL AIRPORT, IL US",19/02/2013,20.58,0,0.2,,30,12
USW00094846,"CHICAGO OHARE INTERNATIONAL AIRPORT, IL US",20/02/2013,10.07,0,0,,24,8
USW00094846,"CHICAGO OHARE INTERNATIONAL AIRPORT, IL US",21/02/2013,12.3,0.07,0.8,,32,19
USW00094846,"CHICAGO OHARE INTERNATIONAL AIRPORT, IL US",22/02/2013,10.96,0.2,1.9,,34,24
USW00094846,"CHICAGO OHARE INTERNATIONAL AIRPORT, IL US",23/02/2013,10.51,0,0,,28,22
USW00094846,"CHICAGO OHARE INTERNATIONAL AIRPORT, IL US",24/02/2013,4.25,0,0,,39,17
USW00094846,"CHICAGO OHARE INTERNATIONAL AIRPORT, IL US",25/02/2013,5.37,0,0,,43,20
USW00094846,"CHICAGO OHARE INTERNATIONAL AIRPORT, IL US",26/02/2013,18.34,0.45,4.8,,36,32
USW00094846,"CHICAGO OHARE INTERNATIONAL AIRPORT, IL US",27/02/2013,11.41,0.18,1,,34,32
USW00094846,"CHICAGO OHARE INTERNATIONAL AIRPORT, IL US",28/02/2013,13.2,0.02,0.2,,35,27
USW00094846,"CHICAGO OHARE INTERNATIONAL AIRPORT, IL US",01/03/2013,14.09,0.02,0.7,,30,25
USW00094846,"CHICAGO OHARE INTERNATIONAL AIRPORT, IL US",02/03/2013,11.41,0,0,,31,17
USW00094846,"CHICAGO OHARE INTERNATIONAL AIRPORT, IL US",03/03/2013,4.7,0,0,,34,15
USW00094846,"CHICAGO OHARE INTERNATIONAL AIRPORT, IL US",04/03/2013,8.28,0,0,,34,18
USW00094846,"CHICAGO OHARE INTERNATIONAL AIRPORT, IL US",05/03/2013,11.86,0.66,9.2,,33,29
USW00094846,"CHICAGO OHARE INTERNATIONAL AIRPORT, IL US",06/03/2013,12.3,0,0,,34,28
USW00094846,"CHICAGO OHARE INTERNATIONAL AIRPORT, IL US",07/03/2013,5.37,0,0,,40,26
USW00094846,"CHICAGO OHARE INTERNATIONAL AIRPORT, IL US",08/03/2013,6.71,0,0,,40,19
USW00094846,"CHICAGO OHARE INTERNATIONAL AIRPORT, IL US",09/03/2013,10.96,0.04,0,,44,30
USW00094846,"CHICAGO OHARE INTERNATIONAL AIRPORT, IL US",10/03/2013,8.72,0.87,0,,51,39
USW00094846,"CHICAGO OHARE INTERNATIONAL AIRPORT, IL US",11/03/2013,9.62,0.07,0,,48,33
USW00094846,"CHICAGO OHARE INTERNATIONAL AIRPORT, IL US",12/03/2013,14.99,0.05,0.3,,37,26
USW00094846,"CHICAGO OHARE INTERNATIONAL AIRPORT, IL US",13/03/2013,13.2,0,0,,33,22
USW00094846,"CHICAGO OHARE INTERNATIONAL AIRPORT, IL US",14/03/2013,6.49,0,0,,37,23
USW00094846,"CHICAGO OHARE INTERNATIONAL AIRPORT, IL US",15/03/2013,5.82,0.2,0,,41,30
USW00094846,"CHICAGO OHARE INTERNATIONAL AIRPORT, IL US",16/03/2013,9.84,0,0,,35,30
USW00094846,"CHICAGO OHARE INTERNATIONAL AIRPORT, IL US",17/03/2013,12.75,0,0,,35,26
USW00094846,"CHICAGO OHARE INTERNATIONAL AIRPORT, IL US",18/03/2013,13.65,0.08,0.1,,35,21
USW00094846,"CHICAGO OHARE INTERNATIONAL AIRPORT, IL US",19/03/2013,21.03,0,0,,32,17
USW00094846,"CHICAGO OHARE INTERNATIONAL AIRPORT, IL US",20/03/2013,15.21,0,0,,25,14
USW00094846,"CHICAGO OHARE INTERNATIONAL AIRPORT, IL US",21/03/2013,7.83,0,0,,33,14
USW00094846,"CHICAGO OHARE INTERNATIONAL AIRPORT, IL US",22/03/2013,5.37,0,0,,41,20
USW00094846,"CHICAGO OHARE INTERNATIONAL AIRPORT, IL US",23/03/2013,7.38,0,0,,41,25
USW00094846,"CHICAGO OHARE INTERNATIONAL AIRPORT, IL US",24/03/2013,18.34,0.01,0.1,,37,32
USW00094846,"CHICAGO OHARE INTERNATIONAL AIRPORT, IL US",25/03/2013,15.66,0,0,,38,32
USW00094846,"CHICAGO OHARE INTERNATIONAL AIRPORT, IL US",26/03/2013,8.72,0,0,,43,29
USW00094846,"CHICAGO OHARE INTERNATIONAL AIRPORT, IL US",27/03/2013,7.38,0,0,,42,31
USW00094846,"CHICAGO OHARE INTERNATIONAL AIRPORT, IL US",28/03/2013,4.7,0,0,,51,28
USW00094846,"CHICAGO OHARE INTERNATIONAL AIRPORT, IL US",29/03/2013,2.91,0,0,,55,32
USW00094846,"CHICAGO OHARE INTERNATIONAL AIRPORT, IL US",30/03/2013,9.62,0,0,,59,28
USW00094846,"CHICAGO OHARE INTERNATIONAL AIRPORT, IL US",31/03/2013,14.54,0,0,,59,36
USW00094846,"CHICAGO OHARE INTERNATIONAL AIRPORT, IL US",01/04/2013,11.63,0,0,36,41,29
USW00094846,"CHICAGO OHARE INTERNATIONAL AIRPORT, IL US",02/04/2013,8.95,0,0,34,45,25
USW00094846,"CHICAGO OHARE INTERNATIONAL AIRPORT, IL US",03/04/2013,6.93,0,0,35,44,25
USW00094846,"CHICAGO OHARE INTERNATIONAL AIRPORT, IL US",04/04/2013,8.05,0,0,39,58,25
USW00094846,"CHICAGO OHARE INTERNATIONAL AIRPORT, IL US",05/04/2013,11.86,0,0,44,45,36
USW00094846,"CHICAGO OHARE INTERNATIONAL AIRPORT, IL US",06/04/2013,18.57,0.04,0,47,70,36
USW00094846,"CHICAGO OHARE INTERNATIONAL AIRPORT, IL US",07/04/2013,11.41,0,0,53,59,40
USW00094846,"CHICAGO OHARE INTERNATIONAL AIRPORT, IL US",08/04/2013,13.87,0.49,0,50,64,41
USW00094846,"CHICAGO OHARE INTERNATIONAL AIRPORT, IL US",09/04/2013,11.86,0.2,0,44,55,39
USW00094846,"CHICAGO OHARE INTERNATIONAL AIRPORT, IL US",10/04/2013,16.11,0.94,0,40,41,38
USW00094846,"CHICAGO OHARE INTERNATIONAL AIRPORT, IL US",11/04/2013,9.4,0.24,0,41,46,38
USW00094846,"CHICAGO OHARE INTERNATIONAL AIRPORT, IL US",12/04/2013,13.42,0,0,41,45,37
USW00094846,"CHICAGO OHARE INTERNATIONAL AIRPORT, IL US",13/04/2013,12.53,0,0,39,45,34
USW00094846,"CHICAGO OHARE INTERNATIONAL AIRPORT, IL US",14/04/2013,14.99,0,0,45,69,38
USW00094846,"CHICAGO OHARE INTERNATIONAL AIRPORT, IL US",15/04/2013,13.42,0.36,0,61,66,44
USW00094846,"CHICAGO OHARE INTERNATIONAL AIRPORT, IL US",16/04/2013,7.61,0.01,0,47,58,40
USW00094846,"CHICAGO OHARE INTERNATIONAL AIRPORT, IL US",17/04/2013,10.96,2.01,0,43,49,42
USW00094846,"CHICAGO OHARE INTERNATIONAL AIRPORT, IL US",18/04/2013,15.43,3.54,0,52,63,39
USW00094846,"CHICAGO OHARE INTERNATIONAL AIRPORT, IL US",19/04/2013,19.46,0.01,0.1,41,40,33
USW00094846,"CHICAGO OHARE INTERNATIONAL AIRPORT, IL US",20/04/2013,9.4,0,0,37,47,31
USW00094846,"CHICAGO OHARE INTERNATIONAL AIRPORT, IL US",21/04/2013,11.41,0,0,40,54,29
USW00094846,"CHICAGO OHARE INTERNATIONAL AIRPORT, IL US",22/04/2013,9.62,0,0,51,67,38
USW00094846,"CHICAGO OHARE INTERNATIONAL AIRPORT, IL US",23/04/2013,9.62,0.7,0,53,59,38
USW00094846,"CHICAGO OHARE INTERNATIONAL AIRPORT, IL US",24/04/2013,12.3,0.04,0,41,50,37
USW00094846,"CHICAGO OHARE INTERNATIONAL AIRPORT, IL US",25/04/2013,11.86,0.07,0,45,51,38
USW00094846,"CHICAGO OHARE INTERNATIONAL AIRPORT, IL US",26/04/2013,11.63,0,0,49,67,34
USW00094846,"CHICAGO OHARE INTERNATIONAL AIRPORT, IL US",27/04/2013,6.71,0,0,57,68,43
USW00094846,"CHICAGO OHARE INTERNATIONAL AIRPORT, IL US",28/04/2013,5.82,0.03,0,58,65,49
USW00094846,"CHICAGO OHARE INTERNATIONAL AIRPORT, IL US",29/04/2013,12.08,0,0,60,74,47
USW00094846,"CHICAGO OHARE INTERNATIONAL AIRPORT, IL US",30/04/2013,17.22,0,0,70,85,61
USW00094846,"CHICAGO OHARE INTERNATIONAL AIRPORT, IL US",01/05/2013,9.62,0,0,74,84,56
USW00094846,"CHICAGO OHARE INTERNATIONAL AIRPORT, IL US",02/05/2013,15.43,0.11,0,54,55,42
USW00094846,"CHICAGO OHARE INTERNATIONAL AIRPORT, IL US",03/05/2013,11.41,0.05,0,44,48,40
USW00094846,"CHICAGO OHARE INTERNATIONAL AIRPORT, IL US",04/05/2013,6.93,0.02,0,55,71,48
USW00094846,"CHICAGO OHARE INTERNATIONAL AIRPORT, IL US",05/05/2013,9.4,0,0,58,69,48
USW00094846,"CHICAGO OHARE INTERNATIONAL AIRPORT, IL US",06/05/2013,8.05,0,0,60,71,50
USW00094846,"CHICAGO OHARE INTERNATIONAL AIRPORT, IL US",07/05/2013,5.82,0,0,61,75,48
USW00094846,"CHICAGO OHARE INTERNATIONAL AIRPORT, IL US",08/05/2013,5.14,0,0,65,79,48
USW00094846,"CHICAGO OHARE INTERNATIONAL AIRPORT, IL US",09/05/2013,5.82,0.32,0,64,75,46
USW00094846,"CHICAGO OHARE INTERNATIONAL AIRPORT, IL US",10/05/2013,10.07,0.13,0,47,47,44
USW00094846,"CHICAGO OHARE INTERNATIONAL AIRPORT, IL US",11/05/2013,12.75,0,0,50,60,43
USW00094846,"CHICAGO OHARE INTERNATIONAL AIRPORT, IL US",12/05/2013,11.18,0,0,46,55,37
USW00094846,"CHICAGO OHARE INTERNATIONAL AIRPORT, IL US",13/05/2013,5.82,0,0,48,64,36
USW00094846,"CHICAGO OHARE INTERNATIONAL AIRPORT, IL US",14/05/2013,11.63,0,0,65,91,50
USW00094846,"CHICAGO OHARE INTERNATIONAL AIRPORT, IL US",15/05/2013,8.5,0,0,76,84,60
USW00094846,"CHICAGO OHARE INTERNATIONAL AIRPORT, IL US",16/05/2013,4.92,0,0,70,83,53
USW00094846,"CHICAGO OHARE INTERNATIONAL AIRPORT, IL US",17/05/2013,6.71,0,0,61,70,55
USW00094846,"CHICAGO OHARE INTERNATIONAL AIRPORT, IL US",18/05/2013,6.49,0,0,66,80,56
USW00094846,"CHICAGO OHARE INTERNATIONAL AIRPORT, IL US",19/05/2013,7.61,0,0,72,86,58
USW00094846,"CHICAGO OHARE INTERNATIONAL AIRPORT, IL US",20/05/2013,13.65,1.09,0,80,89,65
USW00094846,"CHICAGO OHARE INTERNATIONAL AIRPORT, IL US",21/05/2013,12.08,0.56,0,73,81,64
USW00094846,"CHICAGO OHARE INTERNATIONAL AIRPORT, IL US",22/05/2013,7.38,1.35,0,69,73,52
USW00094846,"CHICAGO OHARE INTERNATIONAL AIRPORT, IL US",23/05/2013,14.76,0.06,0,54,54,42
USW00094846,"CHICAGO OHARE INTERNATIONAL AIRPORT, IL US",24/05/2013,8.05,0,0,48,57,41
USW00094846,"CHICAGO OHARE INTERNATIONAL AIRPORT, IL US",25/05/2013,5.14,0,0,50,57,44
USW00094846,"CHICAGO OHARE INTERNATIONAL AIRPORT, IL US",26/05/2013,7.38,0.02,0,54,68,44
USW00094846,"CHICAGO OHARE INTERNATIONAL AIRPORT, IL US",27/05/2013,9.17,0.23,0,57,62,53
USW00094846,"CHICAGO OHARE INTERNATIONAL AIRPORT, IL US",28/05/2013,10.29,0.2,0,65,76,56
USW00094846,"CHICAGO OHARE INTERNATIONAL AIRPORT, IL US",29/05/2013,8.72,0.01,0,71,84,64
USW00094846,"CHICAGO OHARE INTERNATIONAL AIRPORT, IL US",30/05/2013,14.54,0.51,0,76,83,64
USW00094846,"CHICAGO OHARE INTERNATIONAL AIRPORT, IL US",31/05/2013,12.08,0.3,0,71,77,64
USW00094846,"CHICAGO OHARE INTERNATIONAL AIRPORT, IL US",01/06/2013,12.97,0.56,0,70,76,63
USW00094846,"CHICAGO OHARE INTERNATIONAL AIRPORT, IL US",02/06/2013,6.26,0.01,0,58,63,43
USW00094846,"CHICAGO OHARE INTERNATIONAL AIRPORT, IL US",03/06/2013,4.92,0,0,54,68,43
USW00094846,"CHICAGO OHARE INTERNATIONAL AIRPORT, IL US",04/06/2013,6.04,0,0,60,72,50
USW00094846,"CHICAGO OHARE INTERNATIONAL AIRPORT, IL US",05/06/2013,8.28,0.01,0,62,73,54
USW00094846,"CHICAGO OHARE INTERNATIONAL AIRPORT, IL US",06/06/2013,9.17,0.15,0,58,64,52
USW00094846,"CHICAGO OHARE INTERNATIONAL AIRPORT, IL US",07/06/2013,9.84,0,0,58,68,52
USW00094846,"CHICAGO OHARE INTERNATIONAL AIRPORT, IL US",08/06/2013,5.37,0,0,62,74,49
USW00094846,"CHICAGO OHARE INTERNATIONAL AIRPORT, IL US",09/06/2013,8.95,0.01,0,67,80,55
USW00094846,"CHICAGO OHARE INTERNATIONAL AIRPORT, IL US",10/06/2013,4.25,0.26,0,71,76,60
USW00094846,"CHICAGO OHARE INTERNATIONAL AIRPORT, IL US",11/06/2013,4.47,0,0,70,83,60
USW00094846,"CHICAGO OHARE INTERNATIONAL AIRPORT, IL US",12/06/2013,8.05,0.75,0,75,86,63
USW00094846,"CHICAGO OHARE INTERNATIONAL AIRPORT, IL US",13/06/2013,12.3,0,0,67,73,58
USW00094846,"CHICAGO OHARE INTERNATIONAL AIRPORT, IL US",14/06/2013,7.83,0,0,64,78,56
USW00094846,"CHICAGO OHARE INTERNATIONAL AIRPORT, IL US",15/06/2013,7.61,0.17,0,67,80,58
USW00094846,"CHICAGO OHARE INTERNATIONAL AIRPORT, IL US",16/06/2013,9.17,0,0,76,86,69
USW00094846,"CHICAGO OHARE INTERNATIONAL AIRPORT, IL US",17/06/2013,8.05,0.03,0,77,88,59
USW00094846,"CHICAGO OHARE INTERNATIONAL AIRPORT, IL US",18/06/2013,11.63,0,0,63,71,56
USW00094846,"CHICAGO OHARE INTERNATIONAL AIRPORT, IL US",19/06/2013,6.93,0,0,63,75,53
USW00094846,"CHICAGO OHARE INTERNATIONAL AIRPORT, IL US",20/06/2013,5.82,0,0,71,86,56
USW00094846,"CHICAGO OHARE INTERNATIONAL AIRPORT, IL US",21/06/2013,9.62,0.79,0,75,82,68
USW00094846,"CHICAGO OHARE INTERNATIONAL AIRPORT, IL US",22/06/2013,8.5,0.04,0,73,80,67
USW00094846,"CHICAGO OHARE INTERNATIONAL AIRPORT, IL US",23/06/2013,11.41,0.84,0,76,87,66
USW00094846,"CHICAGO OHARE INTERNATIONAL AIRPORT, IL US",24/06/2013,10.07,0.18,0,76,89,67
USW00094846,"CHICAGO OHARE INTERNATIONAL AIRPORT, IL US",25/06/2013,6.93,0.03,0,73,85,67
USW00094846,"CHICAGO OHARE INTERNATIONAL AIRPORT, IL US",26/06/2013,7.38,1.48,0,73,80,66
USW00094846,"CHICAGO OHARE INTERNATIONAL AIRPORT, IL US",27/06/2013,7.16,0.92,0,76,90,64
USW00094846,"CHICAGO OHARE INTERNATIONAL AIRPORT, IL US",28/06/2013,10.96,0,0,75,83,67
USW00094846,"CHICAGO OHARE INTERNATIONAL AIRPORT, IL US",29/06/2013,12.3,0,0,68,72,64
USW00094846,"CHICAGO OHARE INTERNATIONAL AIRPORT, IL US",30/06/2013,13.87,0,0,68,77,62
USW00094846,"CHICAGO OHARE INTERNATIONAL AIRPORT, IL US",01/07/2013,12.3,0,0,68,75,59
USW00094846,"CHICAGO OHARE INTERNATIONAL AIRPORT, IL US",02/07/2013,11.18,0,0,65,68,60
USW00094846,"CHICAGO OHARE INTERNATIONAL AIRPORT, IL US",03/07/2013,5.37,0.02,0,64,72,59
USW00094846,"CHICAGO OHARE INTERNATIONAL AIRPORT, IL US",04/07/2013,5.14,0,0,69,83,56
USW00094846,"CHICAGO OHARE INTERNATIONAL AIRPORT, IL US",05/07/2013,4.92,0,0,74,86,60
USW00094846,"CHICAGO OHARE INTERNATIONAL AIRPORT, IL US",06/07/2013,4.47,0,0,75,83,65
USW00094846,"CHICAGO OHARE INTERNATIONAL AIRPORT, IL US",07/07/2013,6.71,0,0,77,88,70
USW00094846,"CHICAGO OHARE INTERNATIONAL AIRPORT, IL US",08/07/2013,8.5,0.5,0,78,86,70
USW00094846,"CHICAGO OHARE INTERNATIONAL AIRPORT, IL US",09/07/2013,7.38,0,0,80,85,73
USW00094846,"CHICAGO OHARE INTERNATIONAL AIRPORT, IL US",10/07/2013,8.28,0,0,81,85,66
USW00094846,"CHICAGO OHARE INTERNATIONAL AIRPORT, IL US",11/07/2013,7.38,0,0,73,81,64
USW00094846,"CHICAGO OHARE INTERNATIONAL AIRPORT, IL US",12/07/2013,4.92,0,0,72,83,58
USW00094846,"CHICAGO OHARE INTERNATIONAL AIRPORT, IL US",13/07/2013,7.61,0,0,74,84,62
USW00094846,"CHICAGO OHARE INTERNATIONAL AIRPORT, IL US",14/07/2013,7.61,0,0,78,88,72
USW00094846,"CHICAGO OHARE INTERNATIONAL AIRPORT, IL US",15/07/2013,5.14,0.09,0,80,89,71
USW00094846,"CHICAGO OHARE INTERNATIONAL AIRPORT, IL US",16/07/2013,6.71,0,0,81,92,73
USW00094846,"CHICAGO OHARE INTERNATIONAL AIRPORT, IL US",17/07/2013,6.93,0,0,85,94,76
USW00094846,"CHICAGO OHARE INTERNATIONAL AIRPORT, IL US",18/07/2013,8.05,0,0,85,95,77
USW00094846,"CHICAGO OHARE INTERNATIONAL AIRPORT, IL US",19/07/2013,14.09,0.58,0,86,96,71
USW00094846,"CHICAGO OHARE INTERNATIONAL AIRPORT, IL US",20/07/2013,7.61,0.06,0,80,89,71
USW00094846,"CHICAGO OHARE INTERNATIONAL AIRPORT, IL US",21/07/2013,6.71,0.01,0,76,88,68
USW00094846,"CHICAGO OHARE INTERNATIONAL AIRPORT, IL US",22/07/2013,7.38,0,0,76,87,71
USW00094846,"CHICAGO OHARE INTERNATIONAL AIRPORT, IL US",23/07/2013,10.96,0.03,0,75,78,63
USW00094846,"CHICAGO OHARE INTERNATIONAL AIRPORT, IL US",24/07/2013,8.05,0,0,66,72,60
USW00094846,"CHICAGO OHARE INTERNATIONAL AIRPORT, IL US",25/07/2013,5.14,0,0,68,81,57
USW00094846,"CHICAGO OHARE INTERNATIONAL AIRPORT, IL US",26/07/2013,8.5,0.39,0,69,70,62
USW00094846,"CHICAGO OHARE INTERNATIONAL AIRPORT, IL US",27/07/2013,10.51,0,0,62,65,55
USW00094846,"CHICAGO OHARE INTERNATIONAL AIRPORT, IL US",28/07/2013,9.17,0,0,60,69,54
USW00094846,"CHICAGO OHARE INTERNATIONAL AIRPORT, IL US",29/07/2013,6.93,0,0,65,76,57
USW00094846,"CHICAGO OHARE INTERNATIONAL AIRPORT, IL US",30/07/2013,4.7,0.04,0,66,74,57
USW00094846,"CHICAGO OHARE INTERNATIONAL AIRPORT, IL US",31/07/2013,4.47,0.5,0,68,75,62
USW00094846,"CHICAGO OHARE INTERNATIONAL AIRPORT, IL US",01/08/2013,7.83,0,0,70,81,61
USW00094846,"CHICAGO OHARE INTERNATIONAL AIRPORT, IL US",02/08/2013,8.28,0.63,0,72,84,62
USW00094846,"CHICAGO OHARE INTERNATIONAL AIRPORT, IL US",03/08/2013,6.71,0,0,74,81,64
USW00094846,"CHICAGO OHARE INTERNATIONAL AIRPORT, IL US",04/08/2013,7.83,0,0,69,75,60
USW00094846,"CHICAGO OHARE INTERNATIONAL AIRPORT, IL US",05/08/2013,7.61,0.07,0,66,75,58
USW00094846,"CHICAGO OHARE INTERNATIONAL AIRPORT, IL US",06/08/2013,8.05,0.04,0,72,83,67
USW00094846,"CHICAGO OHARE INTERNATIONAL AIRPORT, IL US",07/08/2013,9.84,0,0,79,89,67
USW00094846,"CHICAGO OHARE INTERNATIONAL AIRPORT, IL US",08/08/2013,9.4,0,0,72,78,65
USW00094846,"CHICAGO OHARE INTERNATIONAL AIRPORT, IL US",09/08/2013,5.37,0,0,72,82,59
USW00094846,"CHICAGO OHARE INTERNATIONAL AIRPORT, IL US",10/08/2013,6.49,0,0,74,81,64
USW00094846,"CHICAGO OHARE INTERNATIONAL AIRPORT, IL US",11/08/2013,2.91,0.01,0,71,81,60
USW00094846,"CHICAGO OHARE INTERNATIONAL AIRPORT, IL US",12/08/2013,7.61,0.27,0,74,82,67
USW00094846,"CHICAGO OHARE INTERNATIONAL AIRPORT, IL US",13/08/2013,9.62,0,0,67,70,58
USW00094846,"CHICAGO OHARE INTERNATIONAL AIRPORT, IL US",14/08/2013,7.16,0,0,64,72,56
USW00094846,"CHICAGO OHARE INTERNATIONAL AIRPORT, IL US",15/08/2013,4.92,0,0,64,75,55
USW00094846,"CHICAGO OHARE INTERNATIONAL AIRPORT, IL US",16/08/2013,5.14,0,0,69,82,55
USW00094846,"CHICAGO OHARE INTERNATIONAL AIRPORT, IL US",17/08/2013,6.49,0,0,71,81,57
USW00094846,"CHICAGO OHARE INTERNATIONAL AIRPORT, IL US",18/08/2013,4.92,0,0,72,81,59
USW00094846,"CHICAGO OHARE INTERNATIONAL AIRPORT, IL US",19/08/2013,5.37,0,0,72,85,57
USW00094846,"CHICAGO OHARE INTERNATIONAL AIRPORT, IL US",20/08/2013,8.05,0,0,77,88,66
USW00094846,"CHICAGO OHARE INTERNATIONAL AIRPORT, IL US",21/08/2013,8.95,0.01,0,79,90,68
USW00094846,"CHICAGO OHARE INTERNATIONAL AIRPORT, IL US",22/08/2013,6.93,0.23,0,75,78,68
USW00094846,"CHICAGO OHARE INTERNATIONAL AIRPORT, IL US",23/08/2013,6.71,0,0,73,82,62
USW00094846,"CHICAGO OHARE INTERNATIONAL AIRPORT, IL US",24/08/2013,6.04,0,0,73,86,60
USW00094846,"CHICAGO OHARE INTERNATIONAL AIRPORT, IL US",25/08/2013,9.62,0,0,77,89,65
USW00094846,"CHICAGO OHARE INTERNATIONAL AIRPORT, IL US",26/08/2013,9.4,0,0,80,92,70
USW00094846,"CHICAGO OHARE INTERNATIONAL AIRPORT, IL US",27/08/2013,12.08,0,0,84,96,77
USW00094846,"CHICAGO OHARE INTERNATIONAL AIRPORT, IL US",28/08/2013,9.4,0,0,81,83,71
USW00094846,"CHICAGO OHARE INTERNATIONAL AIRPORT, IL US",29/08/2013,4.7,0,0,77,89,66
USW00094846,"CHICAGO OHARE INTERNATIONAL AIRPORT, IL US",30/08/2013,8.28,0.36,0,80,96,67
USW00094846,"CHICAGO OHARE INTERNATIONAL AIRPORT, IL US",31/08/2013,7.16,0.07,0,73,78,71
USW00094846,"CHICAGO OHARE INTERNATIONAL AIRPORT, IL US",01/09/2013,5.14,0.14,0,74,85,65
USW00094846,"CHICAGO OHARE INTERNATIONAL AIRPORT, IL US",02/09/2013,9.17,0,0,72,79,60
USW00094846,"CHICAGO OHARE INTERNATIONAL AIRPORT, IL US",03/09/2013,5.82,0,0,66,77,57
USW00094846,"CHICAGO OHARE INTERNATIONAL AIRPORT, IL US",04/09/2013,6.93,0,0,69,84,59
USW00094846,"CHICAGO OHARE INTERNATIONAL AIRPORT, IL US",05/09/2013,9.17,0,0,71,74,59
USW00094846,"CHICAGO OHARE INTERNATIONAL AIRPORT, IL US",06/09/2013,6.04,0,0,69,86,57
USW00094846,"CHICAGO OHARE INTERNATIONAL AIRPORT, IL US",07/09/2013,6.93,0.01,0,76,88,65
USW00094846,"CHICAGO OHARE INTERNATIONAL AIRPORT, IL US",08/09/2013,11.86,0,0,75,77,71
USW00094846,"CHICAGO OHARE INTERNATIONAL AIRPORT, IL US",09/09/2013,10.07,0,0,78,94,68
USW00094846,"CHICAGO OHARE INTERNATIONAL AIRPORT, IL US",10/09/2013,12.53,0,0,87,95,77
USW00094846,"CHICAGO OHARE INTERNATIONAL AIRPORT, IL US",11/09/2013,7.61,0,0,83,91,75
USW00094846,"CHICAGO OHARE INTERNATIONAL AIRPORT, IL US",12/09/2013,9.4,0,0,75,82,62
USW00094846,"CHICAGO OHARE INTERNATIONAL AIRPORT, IL US",13/09/2013,11.41,0,0,62,67,52
USW00094846,"CHICAGO OHARE INTERNATIONAL AIRPORT, IL US",14/09/2013,5.82,0,0,59,72,47
USW00094846,"CHICAGO OHARE INTERNATIONAL AIRPORT, IL US",15/09/2013,5.37,0.65,0,59,62,56
USW00094846,"CHICAGO OHARE INTERNATIONAL AIRPORT, IL US",16/09/2013,10.74,0,0,59,64,51
USW00094846,"CHICAGO OHARE INTERNATIONAL AIRPORT, IL US",17/09/2013,7.61,0,0,59,71,49
USW00094846,"CHICAGO OHARE INTERNATIONAL AIRPORT, IL US",18/09/2013,8.95,0.55,0,68,81,60
USW00094846,"CHICAGO OHARE INTERNATIONAL AIRPORT, IL US",19/09/2013,10.51,0.84,0,73,84,69
USW00094846,"CHICAGO OHARE INTERNATIONAL AIRPORT, IL US",20/09/2013,10.96,0,0,73,76,58
USW00094846,"CHICAGO OHARE INTERNATIONAL AIRPORT, IL US",21/09/2013,10.07,0,0,60,67,52
USW00094846,"CHICAGO OHARE INTERNATIONAL AIRPORT, IL US",22/09/2013,7.61,0,0,57,67,49
USW00094846,"CHICAGO OHARE INTERNATIONAL AIRPORT, IL US",23/09/2013,6.04,0,0,58,67,46
USW00094846,"CHICAGO OHARE INTERNATIONAL AIRPORT, IL US",24/09/2013,8.05,0,0,60,70,49
USW00094846,"CHICAGO OHARE INTERNATIONAL AIRPORT, IL US",25/09/2013,5.82,0,0,62,70,51
USW00094846,"CHICAGO OHARE INTERNATIONAL AIRPORT, IL US",26/09/2013,4.25,0,0,63,75,50
USW00094846,"CHICAGO OHARE INTERNATIONAL AIRPORT, IL US",27/09/2013,7.38,0,0,66,81,52
USW00094846,"CHICAGO OHARE INTERNATIONAL AIRPORT, IL US",28/09/2013,12.75,0.2,0,68,84,55
USW00094846,"CHICAGO OHARE INTERNATIONAL AIRPORT, IL US",29/09/2013,7.61,0.18,0,65,68,51
USW00094846,"CHICAGO OHARE INTERNATIONAL AIRPORT, IL US",30/09/2013,6.26,0,0,60,74,47
USW00094846,"CHICAGO OHARE INTERNATIONAL AIRPORT, IL US",01/10/2013,12.3,0,0,67,79,62
USW00094846,"CHICAGO OHARE INTERNATIONAL AIRPORT, IL US",02/10/2013,6.49,0,0,70,76,62
USW00094846,"CHICAGO OHARE INTERNATIONAL AIRPORT, IL US",03/10/2013,7.83,0.12,0,68,78,60
USW00094846,"CHICAGO OHARE INTERNATIONAL AIRPORT, IL US",04/10/2013,6.26,0,0,69,74,65
USW00094846,"CHICAGO OHARE INTERNATIONAL AIRPORT, IL US",05/10/2013,6.49,0.82,0,69,80,61
USW00094846,"CHICAGO OHARE INTERNATIONAL AIRPORT, IL US",06/10/2013,9.62,0.09,0,60,64,45
USW00094846,"CHICAGO OHARE INTERNATIONAL AIRPORT, IL US",07/10/2013,8.95,0,0,53,68,45
USW00094846,"CHICAGO OHARE INTERNATIONAL AIRPORT, IL US",08/10/2013,5.59,0,0,58,75,43
USW00094846,"CHICAGO OHARE INTERNATIONAL AIRPORT, IL US",09/10/2013,4.7,0,0,60,71,48
USW00094846,"CHICAGO OHARE INTERNATIONAL AIRPORT, IL US",10/10/2013,3.8,0,0,61,74,46
USW00094846,"CHICAGO OHARE INTERNATIONAL AIRPORT, IL US",11/10/2013,7.61,0,0,64,76,51
USW00094846,"CHICAGO OHARE INTERNATIONAL AIRPORT, IL US",12/10/2013,7.38,0.12,0,62,73,46
USW00094846,"CHICAGO OHARE INTERNATIONAL AIRPORT, IL US",13/10/2013,6.71,0,0,55,64,44
USW00094846,"CHICAGO OHARE INTERNATIONAL AIRPORT, IL US",14/10/2013,8.5,0,0,54,62,42
USW00094846,"CHICAGO OHARE INTERNATIONAL AIRPORT, IL US",15/10/2013,10.51,0.07,0,57,64,49
USW00094846,"CHICAGO OHARE INTERNATIONAL AIRPORT, IL US",16/10/2013,10.74,0,0,52,54,47
USW00094846,"CHICAGO OHARE INTERNATIONAL AIRPORT, IL US",17/10/2013,6.93,0.29,0,50,53,40
USW00094846,"CHICAGO OHARE INTERNATIONAL AIRPORT, IL US",18/10/2013,8.72,0,0,45,50,39
USW00094846,"CHICAGO OHARE INTERNATIONAL AIRPORT, IL US",19/10/2013,9.17,0.01,0,47,54,42
USW00094846,"CHICAGO OHARE INTERNATIONAL AIRPORT, IL US",20/10/2013,6.04,0.01,0,47,61,36
USW00094846,"CHICAGO OHARE INTERNATIONAL AIRPORT, IL US",21/10/2013,11.41,0,0,50,55,33
USW00094846,"CHICAGO OHARE INTERNATIONAL AIRPORT, IL US",22/10/2013,6.04,0,0,36,42,29
USW00094846,"CHICAGO OHARE INTERNATIONAL AIRPORT, IL US",23/10/2013,10.07,0,0,38,46,32
USW00094846,"CHICAGO OHARE INTERNATIONAL AIRPORT, IL US",24/10/2013,10.96,0,0,39,44,31
USW00094846,"CHICAGO OHARE INTERNATIONAL AIRPORT, IL US",25/10/2013,11.63,0,0,38,51,29
USW00094846,"CHICAGO OHARE INTERNATIONAL AIRPORT, IL US",26/10/2013,14.32,0,0,47,55,37
USW00094846,"CHICAGO OHARE INTERNATIONAL AIRPORT, IL US",27/10/2013,6.71,0,0,42,54,29
USW00094846,"CHICAGO OHARE INTERNATIONAL AIRPORT, IL US",28/10/2013,9.4,0,0,45,53,35
USW00094846,"CHICAGO OHARE INTERNATIONAL AIRPORT, IL US",29/10/2013,7.61,0,0,47,57,42
USW00094846,"CHICAGO OHARE INTERNATIONAL AIRPORT, IL US",30/10/2013,7.61,0.55,0,52,63,43
USW00094846,"CHICAGO OHARE INTERNATIONAL AIRPORT, IL US",31/10/2013,11.41,1.04,0,61,64,46
USW00094846,"CHICAGO OHARE INTERNATIONAL AIRPORT, IL US",01/11/2013,11.41,0.08,0,47,48,43
USW00094846,"CHICAGO OHARE INTERNATIONAL AIRPORT, IL US",02/11/2013,7.61,0.01,0,44,48,38
USW00094846,"CHICAGO OHARE INTERNATIONAL AIRPORT, IL US",03/11/2013,7.38,0,0,42,53,33
USW00094846,"CHICAGO OHARE INTERNATIONAL AIRPORT, IL US",04/11/2013,14.09,0,0,48,58,42
USW00094846,"CHICAGO OHARE INTERNATIONAL AIRPORT, IL US",05/11/2013,10.74,0.04,0,53,55,50
USW00094846,"CHICAGO OHARE INTERNATIONAL AIRPORT, IL US",06/11/2013,14.32,0.6,0,52,57,35
USW00094846,"CHICAGO OHARE INTERNATIONAL AIRPORT, IL US",07/11/2013,9.17,0,0,38,44,30
USW00094846,"CHICAGO OHARE INTERNATIONAL AIRPORT, IL US",08/11/2013,9.4,0,0,37,48,28
USW00094846,"CHICAGO OHARE INTERNATIONAL AIRPORT, IL US",09/11/2013,18.34,0,0,49,58,41
USW00094846,"CHICAGO OHARE INTERNATIONAL AIRPORT, IL US",10/11/2013,9.62,0,0,43,49,35
USW00094846,"CHICAGO OHARE INTERNATIONAL AIRPORT, IL US",11/11/2013,12.75,0.29,0.4,42,47,25
USW00094846,"CHICAGO OHARE INTERNATIONAL AIRPORT, IL US",12/11/2013,10.96,0,0,27,33,22
USW00094846,"CHICAGO OHARE INTERNATIONAL AIRPORT, IL US",13/11/2013,14.32,0,0,28,40,20
USW00094846,"CHICAGO OHARE INTERNATIONAL AIRPORT, IL US",14/11/2013,14.54,0,0,38,49,32
USW00094846,"CHICAGO OHARE INTERNATIONAL AIRPORT, IL US",15/11/2013,10.29,0.01,0,44,50,38
USW00094846,"CHICAGO OHARE INTERNATIONAL AIRPORT, IL US",16/11/2013,17,0.4,0,47,61,42
USW00094846,"CHICAGO OHARE INTERNATIONAL AIRPORT, IL US",17/11/2013,21.47,0.39,0,60,69,43
USW00094846,"CHICAGO OHARE INTERNATIONAL AIRPORT, IL US",18/11/2013,14.99,0,0,41,43,30
USW00094846,"CHICAGO OHARE INTERNATIONAL AIRPORT, IL US",19/11/2013,5.82,0,0,33,42,25
USW00094846,"CHICAGO OHARE INTERNATIONAL AIRPORT, IL US",20/11/2013,10.51,0.15,0,36,45,28
USW00094846,"CHICAGO OHARE INTERNATIONAL AIRPORT, IL US",21/11/2013,4.92,0.05,0,44,51,41
USW00094846,"CHICAGO OHARE INTERNATIONAL AIRPORT, IL US",22/11/2013,9.17,0.04,0,40,43,27
USW00094846,"CHICAGO OHARE INTERNATIONAL AIRPORT, IL US",23/11/2013,14.76,0,0,25,26,15
USW00094846,"CHICAGO OHARE INTERNATIONAL AIRPORT, IL US",24/11/2013,9.62,0,0,18,27,11
USW00094846,"CHICAGO OHARE INTERNATIONAL AIRPORT, IL US",25/11/2013,12.53,0.03,0.5,26,31,22
USW00094846,"CHICAGO OHARE INTERNATIONAL AIRPORT, IL US",26/11/2013,11.86,0,0,31,34,17
USW00094846,"CHICAGO OHARE INTERNATIONAL AIRPORT, IL US",27/11/2013,11.41,0,0,21,29,13
USW00094846,"CHICAGO OHARE INTERNATIONAL AIRPORT, IL US",28/11/2013,9.17,0,0,26,34,19
USW00094846,"CHICAGO OHARE INTERNATIONAL AIRPORT, IL US",29/11/2013,5.14,0,0,25,36,15
USW00094846,"CHICAGO OHARE INTERNATIONAL AIRPORT, IL US",30/11/2013,8.28,0,0,36,50,29
USW00094846,"CHICAGO OHARE INTERNATIONAL AIRPORT, IL US",01/12/2013,5.59,0,0,37,42,29
USW00094846,"CHICAGO OHARE INTERNATIONAL AIRPORT, IL US",02/12/2013,7.38,0.07,0,36,44,29
USW00094846,"CHICAGO OHARE INTERNATIONAL AIRPORT, IL US",03/12/2013,7.61,0.02,0,41,50,37
USW00094846,"CHICAGO OHARE INTERNATIONAL AIRPORT, IL US",04/12/2013,11.63,0.02,0,50,56,39
USW00094846,"CHICAGO OHARE INTERNATIONAL AIRPORT, IL US",05/12/2013,14.32,0,0,35,39,21
USW00094846,"CHICAGO OHARE INTERNATIONAL AIRPORT, IL US",06/12/2013,9.62,0,0,20,21,13
USW00094846,"CHICAGO OHARE INTERNATIONAL AIRPORT, IL US",07/12/2013,6.93,0,0,14,21,8
USW00094846,"CHICAGO OHARE INTERNATIONAL AIRPORT, IL US",08/12/2013,8.72,0.24,3.1,19,26,15
USW00094846,"CHICAGO OHARE INTERNATIONAL AIRPORT, IL US",09/12/2013,14.54,0,0,22,25,0
USW00094846,"CHICAGO OHARE INTERNATIONAL AIRPORT, IL US",10/12/2013,13.65,0,0.2,9,21,-6
USW00094846,"CHICAGO OHARE INTERNATIONAL AIRPORT, IL US",11/12/2013,9.4,0.05,0.7,16,21,1
USW00094846,"CHICAGO OHARE INTERNATIONAL AIRPORT, IL US",12/12/2013,10.96,0,0,6,19,-3
USW00094846,"CHICAGO OHARE INTERNATIONAL AIRPORT, IL US",13/12/2013,6.04,0.01,0.2,21,32,13
USW00094846,"CHICAGO OHARE INTERNATIONAL AIRPORT, IL US",14/12/2013,10.96,0.23,4,30,31,22
USW00094846,"CHICAGO OHARE INTERNATIONAL AIRPORT, IL US",15/12/2013,12.3,0,0.2,19,22,10
USW00094846,"CHICAGO OHARE INTERNATIONAL AIRPORT, IL US",16/12/2013,5.59,0.05,0.7,13,21,7
USW00094846,"CHICAGO OHARE INTERNATIONAL AIRPORT, IL US",17/12/2013,13.42,0.01,0.2,22,33,16
USW00094846,"CHICAGO OHARE INTERNATIONAL AIRPORT, IL US",18/12/2013,12.53,0,0,25,35,15
USW00094846,"CHICAGO OHARE INTERNATIONAL AIRPORT, IL US",19/12/2013,6.93,0.06,0,35,39,33
USW00094846,"CHICAGO OHARE INTERNATIONAL AIRPORT, IL US",20/12/2013,9.4,0.31,0,35,36,33
USW00094846,"CHICAGO OHARE INTERNATIONAL AIRPORT, IL US",21/12/2013,8.5,0.24,0,32,35,30
USW00094846,"CHICAGO OHARE INTERNATIONAL AIRPORT, IL US",22/12/2013,11.18,0.2,0,33,34,24
USW00094846,"CHICAGO OHARE INTERNATIONAL AIRPORT, IL US",23/12/2013,12.53,0,0.1,20,26,-1
USW00094846,"CHICAGO OHARE INTERNATIONAL AIRPORT, IL US",24/12/2013,8.95,0.01,0.1,4,18,-2
USW00094846,"CHICAGO OHARE INTERNATIONAL AIRPORT, IL US",25/12/2013,10.29,0.07,1.2,20,27,18
USW00094846,"CHICAGO OHARE INTERNATIONAL AIRPORT, IL US",26/12/2013,9.84,0,0,23,34,14
USW00094846,"CHICAGO OHARE INTERNATIONAL AIRPORT, IL US",27/12/2013,9.62,0,0,33,41,21
USW00094846,"CHICAGO OHARE INTERNATIONAL AIRPORT, IL US",28/12/2013,12.75,0,0,40,50,33
USW00094846,"CHICAGO OHARE INTERNATIONAL AIRPORT, IL US",29/12/2013,11.63,0.01,0,35,40,11
USW00094846,"CHICAGO OHARE INTERNATIONAL AIRPORT, IL US",30/12/2013,7.38,0.04,0.5,10,13,1
USW00094846,"CHICAGO OHARE INTERNATIONAL AIRPORT, IL US",31/12/2013,8.05,0.3,3,8,12,2
USW00094846,"CHICAGO OHARE INTERNATIONAL AIRPORT, IL US",01/01/2014,11.41,0.25,2.1,16,22,10
USW00094846,"CHICAGO OHARE INTERNATIONAL AIRPORT, IL US",02/01/2014,12.75,0.22,5.8,19,21,-1
USW00094846,"CHICAGO OHARE INTERNATIONAL AIRPORT, IL US",03/01/2014,14.99,0,0,4,20,-12
USW00094846,"CHICAGO OHARE INTERNATIONAL AIRPORT, IL US",04/01/2014,14.32,0.26,3,24,31,19
USW00094846,"CHICAGO OHARE INTERNATIONAL AIRPORT, IL US",05/01/2014,16.78,0.59,8.7,21,29,-3
USW00094846,"CHICAGO OHARE INTERNATIONAL AIRPORT, IL US",06/01/2014,18.79,0,0,-8,-2,-16
USW00094846,"CHICAGO OHARE INTERNATIONAL AIRPORT, IL US",07/01/2014,9.62,0,0,-7,3,-12
USW00094846,"CHICAGO OHARE INTERNATIONAL AIRPORT, IL US",08/01/2014,4.47,0,0,3,17,-6
USW00094846,"CHICAGO OHARE INTERNATIONAL AIRPORT, IL US",09/01/2014,5.59,0.01,0.3,8,27,-4
USW00094846,"CHICAGO OHARE INTERNATIONAL AIRPORT, IL US",10/01/2014,10.51,0.8,0,30,40,27
USW00094846,"CHICAGO OHARE INTERNATIONAL AIRPORT, IL US",11/01/2014,13.87,0.06,0,37,40,31
USW00094846,"CHICAGO OHARE INTERNATIONAL AIRPORT, IL US",12/01/2014,16.11,0,0,33,44,28
USW00094846,"CHICAGO OHARE INTERNATIONAL AIRPORT, IL US",13/01/2014,10.96,0,0,41,45,27
USW00094846,"CHICAGO OHARE INTERNATIONAL AIRPORT, IL US",14/01/2014,15.21,0.01,0,30,35,22
USW00094846,"CHICAGO OHARE INTERNATIONAL AIRPORT, IL US",15/01/2014,11.86,0,0.1,20,22,15
USW00094846,"CHICAGO OHARE INTERNATIONAL AIRPORT, IL US",16/01/2014,16.33,0.01,0.3,25,34,19
USW00094846,"CHICAGO OHARE INTERNATIONAL AIRPORT, IL US",17/01/2014,12.3,0.04,1.1,18,20,12
USW00094846,"CHICAGO OHARE INTERNATIONAL AIRPORT, IL US",18/01/2014,6.49,0.12,2.4,15,21,7
USW00094846,"CHICAGO OHARE INTERNATIONAL AIRPORT, IL US",19/01/2014,14.09,0,0,19,37,10
USW00094846,"CHICAGO OHARE INTERNATIONAL AIRPORT, IL US",20/01/2014,11.63,0.18,3.4,33,35,13
USW00094846,"CHICAGO OHARE INTERNATIONAL AIRPORT, IL US",21/01/2014,14.09,0.07,2.5,10,13,0
USW00094846,"CHICAGO OHARE INTERNATIONAL AIRPORT, IL US",22/01/2014,12.3,0,0.6,6,15,0
USW00094846,"CHICAGO OHARE INTERNATIONAL AIRPORT, IL US",23/01/2014,14.32,0,0,3,10,-5
USW00094846,"CHICAGO OHARE INTERNATIONAL AIRPORT, IL US",24/01/2014,20.13,0.02,0.4,5,28,-6
USW00094846,"CHICAGO OHARE INTERNATIONAL AIRPORT, IL US",25/01/2014,17.9,0,0,23,33,7
USW00094846,"CHICAGO OHARE INTERNATIONAL AIRPORT, IL US",26/01/2014,16.11,0.17,2.4,15,31,6
USW00094846,"CHICAGO OHARE INTERNATIONAL AIRPORT, IL US",27/01/2014,16.11,0,0,5,6,-7
USW00094846,"CHICAGO OHARE INTERNATIONAL AIRPORT, IL US",28/01/2014,11.86,0,0,-5,3,-11
USW00094846,"CHICAGO OHARE INTERNATIONAL AIRPORT, IL US",29/01/2014,12.97,0,0,8,23,1
USW00094846,"CHICAGO OHARE INTERNATIONAL AIRPORT, IL US",30/01/2014,18.12,0,0.4,24,33,20
USW00094846,"CHICAGO OHARE INTERNATIONAL AIRPORT, IL US",31/01/2014,5.59,0.01,0.2,24,28,17
USW00094846,"CHICAGO OHARE INTERNATIONAL AIRPORT, IL US",01/02/2014,6.93,0.43,3.8,25,31,20
USW00094846,"CHICAGO OHARE INTERNATIONAL AIRPORT, IL US",02/02/2014,7.83,0,0,19,21,-1
USW00094846,"CHICAGO OHARE INTERNATIONAL AIRPORT, IL US",03/02/2014,3.8,0,0,8,21,-6
USW00094846,"CHICAGO OHARE INTERNATIONAL AIRPORT, IL US",04/02/2014,6.93,0.08,1.3,15,24,7
USW00094846,"CHICAGO OHARE INTERNATIONAL AIRPORT, IL US",05/02/2014,13.2,0.35,5.7,23,25,9
USW00094846,"CHICAGO OHARE INTERNATIONAL AIRPORT, IL US",06/02/2014,12.3,0,0,7,14,-2
USW00094846,"CHICAGO OHARE INTERNATIONAL AIRPORT, IL US",07/02/2014,10.51,0,0,2,11,-4
USW00094846,"CHICAGO OHARE INTERNATIONAL AIRPORT, IL US",08/02/2014,4.92,0.07,2.5,10,16,5
USW00094846,"CHICAGO OHARE INTERNATIONAL AIRPORT, IL US",09/02/2014,9.4,0,0,14,19,4
USW00094846,"CHICAGO OHARE INTERNATIONAL AIRPORT, IL US",10/02/2014,8.95,0,0,6,12,-3
USW00094846,"CHICAGO OHARE INTERNATIONAL AIRPORT, IL US",11/02/2014,5.82,0,0,4,14,-8
USW00094846,"CHICAGO OHARE INTERNATIONAL AIRPORT, IL US",12/02/2014,6.49,0,0,8,24,-5
USW00094846,"CHICAGO OHARE INTERNATIONAL AIRPORT, IL US",13/02/2014,11.41,0,0.1,22,32,10
USW00094846,"CHICAGO OHARE INTERNATIONAL AIRPORT, IL US",14/02/2014,9.84,0,0,20,22,12
USW00094846,"CHICAGO OHARE INTERNATIONAL AIRPORT, IL US",15/02/2014,7.38,0.04,0.7,15,24,3
USW00094846,"CHICAGO OHARE INTERNATIONAL AIRPORT, IL US",16/02/2014,10.51,0,0,20,29,17
USW00094846,"CHICAGO OHARE INTERNATIONAL AIRPORT, IL US",17/02/2014,14.54,0.35,5,24,28,23
USW00094846,"CHICAGO OHARE INTERNATIONAL AIRPORT, IL US",18/02/2014,12.3,0,0,31,46,16
USW00094846,"CHICAGO OHARE INTERNATIONAL AIRPORT, IL US",19/02/2014,7.38,0,0,38,44,30
USW00094846,"CHICAGO OHARE INTERNATIONAL AIRPORT, IL US",20/02/2014,13.87,1.16,0.1,36,49,34
USW00094846,"CHICAGO OHARE INTERNATIONAL AIRPORT, IL US",21/02/2014,23.26,0,0.3,34,37,26
USW00094846,"CHICAGO OHARE INTERNATIONAL AIRPORT, IL US",22/02/2014,11.63,0,0,28,35,21
USW00094846,"CHICAGO OHARE INTERNATIONAL AIRPORT, IL US",23/02/2014,12.75,0,0,23,28,15
USW00094846,"CHICAGO OHARE INTERNATIONAL AIRPORT, IL US",24/02/2014,12.3,0,0,18,25,12
USW00094846,"CHICAGO OHARE INTERNATIONAL AIRPORT, IL US",25/02/2014,12.97,0,0,18,22,6
USW00094846,"CHICAGO OHARE INTERNATIONAL AIRPORT, IL US",26/02/2014,15.43,0,0,8,18,1
USW00094846,"CHICAGO OHARE INTERNATIONAL AIRPORT, IL US",27/02/2014,11.86,0,0,11,18,4
USW00094846,"CHICAGO OHARE INTERNATIONAL AIRPORT, IL US",28/02/2014,9.17,0,0,12,30,3
USW00094846,"CHICAGO OHARE INTERNATIONAL AIRPORT, IL US",01/03/2014,9.4,0.29,3.7,25,31,11
USW00094846,"CHICAGO OHARE INTERNATIONAL AIRPORT, IL US",02/03/2014,11.18,0.09,1.4,11,14,1
USW00094846,"CHICAGO OHARE INTERNATIONAL AIRPORT, IL US",03/03/2014,4.92,0,0,7,19,-2
USW00094846,"CHICAGO OHARE INTERNATIONAL AIRPORT, IL US",04/03/2014,6.04,0,0.1,16,27,12
USW00094846,"CHICAGO OHARE INTERNATIONAL AIRPORT, IL US",05/03/2014,12.08,0.15,1.7,21,23,19
USW00094846,"CHICAGO OHARE INTERNATIONAL AIRPORT, IL US",06/03/2014,6.71,0,0,22,33,16
USW00094846,"CHICAGO OHARE INTERNATIONAL AIRPORT, IL US",07/03/2014,7.61,0,0,29,47,13
USW00094846,"CHICAGO OHARE INTERNATIONAL AIRPORT, IL US",08/03/2014,10.51,0.02,0.3,33,38,21
USW00094846,"CHICAGO OHARE INTERNATIONAL AIRPORT, IL US",09/03/2014,12.3,0,0,27,42,19
USW00094846,"CHICAGO OHARE INTERNATIONAL AIRPORT, IL US",10/03/2014,11.41,0,0,44,53,40
USW00094846,"CHICAGO OHARE INTERNATIONAL AIRPORT, IL US",11/03/2014,9.17,0.14,0.4,44,50,34
USW00094846,"CHICAGO OHARE INTERNATIONAL AIRPORT, IL US",12/03/2014,15.21,0.48,3.2,31,34,14
USW00094846,"CHICAGO OHARE INTERNATIONAL AIRPORT, IL US",13/03/2014,10.74,0,0,22,39,11
USW00094846,"CHICAGO OHARE INTERNATIONAL AIRPORT, IL US",14/03/2014,17.9,0,0,43,53,37
USW00094846,"CHICAGO OHARE INTERNATIONAL AIRPORT, IL US",15/03/2014,10.29,0,0.2,37,40,27
USW00094846,"CHICAGO OHARE INTERNATIONAL AIRPORT, IL US",16/03/2014,17.9,0,0,24,27,19
USW00094846,"CHICAGO OHARE INTERNATIONAL AIRPORT, IL US",17/03/2014,8.28,0,0,26,40,20
USW00094846,"CHICAGO OHARE INTERNATIONAL AIRPORT, IL US",18/03/2014,11.41,0,0,37,52,27
USW00094846,"CHICAGO OHARE INTERNATIONAL AIRPORT, IL US",19/03/2014,12.75,0.19,0,44,46,34
USW00094846,"CHICAGO OHARE INTERNATIONAL AIRPORT, IL US",20/03/2014,7.61,0.04,0.7,37,47,30
USW00094846,"CHICAGO OHARE INTERNATIONAL AIRPORT, IL US",21/03/2014,11.41,0,0,41,58,30
USW00094846,"CHICAGO OHARE INTERNATIONAL AIRPORT, IL US",22/03/2014,13.42,0,0,42,41,26
USW00094846,"CHICAGO OHARE INTERNATIONAL AIRPORT, IL US",23/03/2014,9.84,0,0,27,32,19
USW00094846,"CHICAGO OHARE INTERNATIONAL AIRPORT, IL US",24/03/2014,7.38,0,0,26,36,20
USW00094846,"CHICAGO OHARE INTERNATIONAL AIRPORT, IL US",25/03/2014,13.2,0.05,0.6,27,31,20
USW00094846,"CHICAGO OHARE INTERNATIONAL AIRPORT, IL US",26/03/2014,10.51,0,0,26,39,15
USW00094846,"CHICAGO OHARE INTERNATIONAL AIRPORT, IL US",27/03/2014,17.45,0.2,0,39,55,34
USW00094846,"CHICAGO OHARE INTERNATIONAL AIRPORT, IL US",28/03/2014,11.86,0.06,0,44,55,34
USW00094846,"CHICAGO OHARE INTERNATIONAL AIRPORT, IL US",29/03/2014,10.07,0,0,36,41,28
USW00094846,"CHICAGO OHARE INTERNATIONAL AIRPORT, IL US",30/03/2014,6.04,0,0,38,57,25
USW00094846,"CHICAGO OHARE INTERNATIONAL AIRPORT, IL US",31/03/2014,17.22,0,0,52,68,41
USW00094846,"CHICAGO OHARE INTERNATIONAL AIRPORT, IL US",01/04/2014,18.79,0,0,46,57,32
USW00094846,"CHICAGO OHARE INTERNATIONAL AIRPORT, IL US",02/04/2014,10.29,0,0,41,45,34
USW00094846,"CHICAGO OHARE INTERNATIONAL AIRPORT, IL US",03/04/2014,13.65,0.53,0,38,43,35
USW00094846,"CHICAGO OHARE INTERNATIONAL AIRPORT, IL US",04/04/2014,16.55,0,0,40,48,34
USW00094846,"CHICAGO OHARE INTERNATIONAL AIRPORT, IL US",05/04/2014,5.82,0,0,40,51,31
USW00094846,"CHICAGO OHARE INTERNATIONAL AIRPORT, IL US",06/04/2014,6.49,0,0,42,57,31
USW00094846,"CHICAGO OHARE INTERNATIONAL AIRPORT, IL US",07/04/2014,6.71,0,0,45,54,36
USW00094846,"CHICAGO OHARE INTERNATIONAL AIRPORT, IL US",08/04/2014,6.93,0.02,0,50,60,40
USW00094846,"CHICAGO OHARE INTERNATIONAL AIRPORT, IL US",09/04/2014,9.17,0,0,49,62,33
USW00094846,"CHICAGO OHARE INTERNATIONAL AIRPORT, IL US",10/04/2014,12.53,0,0,58,66,41
USW00094846,"CHICAGO OHARE INTERNATIONAL AIRPORT, IL US",11/04/2014,6.71,0,0,55,70,37
USW00094846,"CHICAGO OHARE INTERNATIONAL AIRPORT, IL US",12/04/2014,14.99,0,0,63,80,44
USW00094846,"CHICAGO OHARE INTERNATIONAL AIRPORT, IL US",13/04/2014,13.2,0.43,0,62,69,42
USW00094846,"CHICAGO OHARE INTERNATIONAL AIRPORT, IL US",14/04/2014,15.66,0.3,1.4,46,63,30
USW00094846,"CHICAGO OHARE INTERNATIONAL AIRPORT, IL US",15/04/2014,9.4,0,0,31,38,26
USW00094846,"CHICAGO OHARE INTERNATIONAL AIRPORT, IL US",16/04/2014,16.11,0,0,38,52,26
USW00094846,"CHICAGO OHARE INTERNATIONAL AIRPORT, IL US",17/04/2014,12.3,0,0,50,62,40
USW00094846,"CHICAGO OHARE INTERNATIONAL AIRPORT, IL US",18/04/2014,7.83,0,0,48,51,38
USW00094846,"CHICAGO OHARE INTERNATIONAL AIRPORT, IL US",19/04/2014,9.17,0,0,46,66,37
USW00094846,"CHICAGO OHARE INTERNATIONAL AIRPORT, IL US",20/04/2014,10.07,0,0,60,79,41
USW00094846,"CHICAGO OHARE INTERNATIONAL AIRPORT, IL US",21/04/2014,8.95,0,0,67,74,58
USW00094846,"CHICAGO OHARE INTERNATIONAL AIRPORT, IL US",22/04/2014,11.41,0,0,54,61,36
USW00094846,"CHICAGO OHARE INTERNATIONAL AIRPORT, IL US",23/04/2014,8.72,0.02,0,42,51,33
USW00094846,"CHICAGO OHARE INTERNATIONAL AIRPORT, IL US",24/04/2014,14.99,0.06,0,49,64,39
USW00094846,"CHICAGO OHARE INTERNATIONAL AIRPORT, IL US",25/04/2014,12.75,0.22,0,56,70,45
USW00094846,"CHICAGO OHARE INTERNATIONAL AIRPORT, IL US",26/04/2014,13.2,0,0,52,57,40
USW00094846,"CHICAGO OHARE INTERNATIONAL AIRPORT, IL US",27/04/2014,16.55,0.03,0,47,60,42
USW00094846,"CHICAGO OHARE INTERNATIONAL AIRPORT, IL US",28/04/2014,16.11,0.61,0,50,55,45
USW00094846,"CHICAGO OHARE INTERNATIONAL AIRPORT, IL US",29/04/2014,7.83,0.61,0,52,59,47
USW00094846,"CHICAGO OHARE INTERNATIONAL AIRPORT, IL US",30/04/2014,10.51,0.01,0,50,53,43
USW00094846,"CHICAGO OHARE INTERNATIONAL AIRPORT, IL US",01/05/2014,13.42,0.09,0,45,49,42
USW00094846,"CHICAGO OHARE INTERNATIONAL AIRPORT, IL US",02/05/2014,11.41,0,0,48,53,46
USW00094846,"CHICAGO OHARE INTERNATIONAL AIRPORT, IL US",03/05/2014,14.76,0,0,55,67,46
USW00094846,"CHICAGO OHARE INTERNATIONAL AIRPORT, IL US",04/05/2014,10.07,0,0,55,58,44
USW00094846,"CHICAGO OHARE INTERNATIONAL AIRPORT, IL US",05/05/2014,13.2,0.05,0,49,55,43
USW00094846,"CHICAGO OHARE INTERNATIONAL AIRPORT, IL US",06/05/2014,13.65,0,0,50,63,41
USW00094846,"CHICAGO OHARE INTERNATIONAL AIRPORT, IL US",07/05/2014,8.95,0,0,59,78,48
USW00094846,"CHICAGO OHARE INTERNATIONAL AIRPORT, IL US",08/05/2014,14.32,0.1,0,69,89,51
USW00094846,"CHICAGO OHARE INTERNATIONAL AIRPORT, IL US",09/05/2014,16.11,1.03,0,71,73,54
USW00094846,"CHICAGO OHARE INTERNATIONAL AIRPORT, IL US",10/05/2014,6.93,0,0,62,77,47
USW00094846,"CHICAGO OHARE INTERNATIONAL AIRPORT, IL US",11/05/2014,8.95,0.12,0,67,81,52
USW00094846,"CHICAGO OHARE INTERNATIONAL AIRPORT, IL US",12/05/2014,12.08,2.09,0,72,84,64
USW00094846,"CHICAGO OHARE INTERNATIONAL AIRPORT, IL US",13/05/2014,12.3,0.12,0,65,67,52
USW00094846,"CHICAGO OHARE INTERNATIONAL AIRPORT, IL US",14/05/2014,12.08,0.02,0,53,56,44
USW00094846,"CHICAGO OHARE INTERNATIONAL AIRPORT, IL US",15/05/2014,13.65,0.19,0,47,55,40
USW00094846,"CHICAGO OHARE INTERNATIONAL AIRPORT, IL US",16/05/2014,8.05,0.1,0,41,46,37
USW00094846,"CHICAGO OHARE INTERNATIONAL AIRPORT, IL US",17/05/2014,8.5,0,0,48,60,39
USW00094846,"CHICAGO OHARE INTERNATIONAL AIRPORT, IL US",18/05/2014,10.51,0,0,56,69,47
USW00094846,"CHICAGO OHARE INTERNATIONAL AIRPORT, IL US",19/05/2014,13.42,0,0,59,69,45
USW00094846,"CHICAGO OHARE INTERNATIONAL AIRPORT, IL US",20/05/2014,11.18,0.82,0,71,85,62
USW00094846,"CHICAGO OHARE INTERNATIONAL AIRPORT, IL US",21/05/2014,7.61,0.01,0,75,86,63
USW00094846,"CHICAGO OHARE INTERNATIONAL AIRPORT, IL US",22/05/2014,6.71,0,0,67,70,53
USW00094846,"CHICAGO OHARE INTERNATIONAL AIRPORT, IL US",23/05/2014,6.49,0,0,59,69,48
USW00094846,"CHICAGO OHARE INTERNATIONAL AIRPORT, IL US",24/05/2014,5.14,0,0,60,74,47
USW00094846,"CHICAGO OHARE INTERNATIONAL AIRPORT, IL US",25/05/2014,4.92,0,0,66,83,50
USW00094846,"CHICAGO OHARE INTERNATIONAL AIRPORT, IL US",26/05/2014,7.61,0,0,74,87,61
USW00094846,"CHICAGO OHARE INTERNATIONAL AIRPORT, IL US",27/05/2014,10.07,0.21,0,75,85,58
USW00094846,"CHICAGO OHARE INTERNATIONAL AIRPORT, IL US",28/05/2014,9.4,0.03,0,64,71,56
USW00094846,"CHICAGO OHARE INTERNATIONAL AIRPORT, IL US",29/05/2014,8.95,0,0,63,76,54
USW00094846,"CHICAGO OHARE INTERNATIONAL AIRPORT, IL US",30/05/2014,6.93,0,0,65,79,53
USW00094846,"CHICAGO OHARE INTERNATIONAL AIRPORT, IL US",31/05/2014,8.05,0,0,71,88,54
USW00094846,"CHICAGO OHARE INTERNATIONAL AIRPORT, IL US",01/06/2014,12.97,0,0,75,90,63
USW00094846,"CHICAGO OHARE INTERNATIONAL AIRPORT, IL US",02/06/2014,14.54,0.14,0,76,83,68
USW00094846,"CHICAGO OHARE INTERNATIONAL AIRPORT, IL US",03/06/2014,9.84,0,0,75,81,66
USW00094846,"CHICAGO OHARE INTERNATIONAL AIRPORT, IL US",04/06/2014,9.4,0.19,0,66,70,55
USW00094846,"CHICAGO OHARE INTERNATIONAL AIRPORT, IL US",05/06/2014,6.04,0,0,63,76,52
USW00094846,"CHICAGO OHARE INTERNATIONAL AIRPORT, IL US",06/06/2014,4.92,0,0,67,81,49
USW00094846,"CHICAGO OHARE INTERNATIONAL AIRPORT, IL US",07/06/2014,7.61,0.08,0,71,84,57
USW00094846,"CHICAGO OHARE INTERNATIONAL AIRPORT, IL US",08/06/2014,14.09,0.23,0,65,72,54
USW00094846,"CHICAGO OHARE INTERNATIONAL AIRPORT, IL US",09/06/2014,8.5,0,0,65,78,55
USW00094846,"CHICAGO OHARE INTERNATIONAL AIRPORT, IL US",10/06/2014,10.29,1.26,0,60,66,56
USW00094846,"CHICAGO OHARE INTERNATIONAL AIRPORT, IL US",11/06/2014,7.38,0.52,0,60,67,57
USW00094846,"CHICAGO OHARE INTERNATIONAL AIRPORT, IL US",12/06/2014,10.07,0,0,68,79,58
USW00094846,"CHICAGO OHARE INTERNATIONAL AIRPORT, IL US",13/06/2014,9.84,0,0,66,75,55
USW00094846,"CHICAGO OHARE INTERNATIONAL AIRPORT, IL US",14/06/2014,8.28,0,0,66,79,52
USW00094846,"CHICAGO OHARE INTERNATIONAL AIRPORT, IL US",15/06/2014,15.66,0,0,72,84,60
USW00094846,"CHICAGO OHARE INTERNATIONAL AIRPORT, IL US",16/06/2014,8.72,0,0,78,88,67
USW00094846,"CHICAGO OHARE INTERNATIONAL AIRPORT, IL US",17/06/2014,12.53,0,0,82,91,77
USW00094846,"CHICAGO OHARE INTERNATIONAL AIRPORT, IL US",18/06/2014,10.29,0.65,0,78,82,61
USW00094846,"CHICAGO OHARE INTERNATIONAL AIRPORT, IL US",19/06/2014,8.28,0.32,0,66,79,59
USW00094846,"CHICAGO OHARE INTERNATIONAL AIRPORT, IL US",20/06/2014,8.5,0.01,0,74,85,63
USW00094846,"CHICAGO OHARE INTERNATIONAL AIRPORT, IL US",21/06/2014,7.38,1.28,0,69,84,60
USW00094846,"CHICAGO OHARE INTERNATIONAL AIRPORT, IL US",22/06/2014,4.92,0,0,70,82,63
USW00094846,"CHICAGO OHARE INTERNATIONAL AIRPORT, IL US",23/06/2014,5.59,0.05,0,71,81,66
USW00094846,"CHICAGO OHARE INTERNATIONAL AIRPORT, IL US",24/06/2014,4.7,0.41,0,77,87,70
USW00094846,"CHICAGO OHARE INTERNATIONAL AIRPORT, IL US",25/06/2014,7.38,0,0,69,80,59
USW00094846,"CHICAGO OHARE INTERNATIONAL AIRPORT, IL US",26/06/2014,6.71,0,0,64,78,59
USW00094846,"CHICAGO OHARE INTERNATIONAL AIRPORT, IL US",27/06/2014,9.84,0,0,71,88,59
USW00094846,"CHICAGO OHARE INTERNATIONAL AIRPORT, IL US",28/06/2014,12.08,0,0,79,87,71
USW00094846,"CHICAGO OHARE INTERNATIONAL AIRPORT, IL US",29/06/2014,12.97,0.07,0,77,85,69
USW00094846,"CHICAGO OHARE INTERNATIONAL AIRPORT, IL US",30/06/2014,12.53,2.6,0,79,87,67
USW00094846,"CHICAGO OHARE INTERNATIONAL AIRPORT, IL US",01/07/2014,12.3,0,0,72,80,67
USW00094846,"CHICAGO OHARE INTERNATIONAL AIRPORT, IL US",02/07/2014,9.62,0.12,0,67,70,56
USW00094846,"CHICAGO OHARE INTERNATIONAL AIRPORT, IL US",03/07/2014,6.71,0.07,0,63,76,56
USW00094846,"CHICAGO OHARE INTERNATIONAL AIRPORT, IL US",04/07/2014,7.16,0,0,68,79,58
USW00094846,"CHICAGO OHARE INTERNATIONAL AIRPORT, IL US",05/07/2014,8.28,0,0,69,77,60
USW00094846,"CHICAGO OHARE INTERNATIONAL AIRPORT, IL US",06/07/2014,12.3,0,0,73,87,63
USW00094846,"CHICAGO OHARE INTERNATIONAL AIRPORT, IL US",07/07/2014,8.5,0.63,0,80,88,71
USW00094846,"CHICAGO OHARE INTERNATIONAL AIRPORT, IL US",08/07/2014,12.08,0.54,0,76,81,66
USW00094846,"CHICAGO OHARE INTERNATIONAL AIRPORT, IL US",09/07/2014,8.5,0,0,72,80,62
USW00094846,"CHICAGO OHARE INTERNATIONAL AIRPORT, IL US",10/07/2014,4.47,0,0,70,79,60
USW00094846,"CHICAGO OHARE INTERNATIONAL AIRPORT, IL US",11/07/2014,5.37,0.01,0,70,81,60
USW00094846,"CHICAGO OHARE INTERNATIONAL AIRPORT, IL US",12/07/2014,10.51,0.47,0,74,80,70
USW00094846,"CHICAGO OHARE INTERNATIONAL AIRPORT, IL US",13/07/2014,9.62,0.01,0,76,85,68
USW00094846,"CHICAGO OHARE INTERNATIONAL AIRPORT, IL US",14/07/2014,8.05,0.2,0,72,80,61
USW00094846,"CHICAGO OHARE INTERNATIONAL AIRPORT, IL US",15/07/2014,10.51,0.05,0,63,70,55
USW00094846,"CHICAGO OHARE INTERNATIONAL AIRPORT, IL US",16/07/2014,7.38,0,0,63,72,55
USW00094846,"CHICAGO OHARE INTERNATIONAL AIRPORT, IL US",17/07/2014,5.59,0,0,66,78,54
USW00094846,"CHICAGO OHARE INTERNATIONAL AIRPORT, IL US",18/07/2014,6.93,0,0,70,79,59
USW00094846,"CHICAGO OHARE INTERNATIONAL AIRPORT, IL US",19/07/2014,4.7,0,0,70,80,57
USW00094846,"CHICAGO OHARE INTERNATIONAL AIRPORT, IL US",20/07/2014,4.47,0,0,72,82,60
USW00094846,"CHICAGO OHARE INTERNATIONAL AIRPORT, IL US",21/07/2014,7.16,0,0,75,86,63
USW00094846,"CHICAGO OHARE INTERNATIONAL AIRPORT, IL US",22/07/2014,11.86,0.01,0,79,90,69
USW00094846,"CHICAGO OHARE INTERNATIONAL AIRPORT, IL US",23/07/2014,16.11,0,0,73,75,59
USW00094846,"CHICAGO OHARE INTERNATIONAL AIRPORT, IL US",24/07/2014,8.72,0,0,65,75,57
USW00094846,"CHICAGO OHARE INTERNATIONAL AIRPORT, IL US",25/07/2014,9.17,0,0,66,75,55
USW00094846,"CHICAGO OHARE INTERNATIONAL AIRPORT, IL US",26/07/2014,5.59,0,0,74,84,68
USW00094846,"CHICAGO OHARE INTERNATIONAL AIRPORT, IL US",27/07/2014,14.99,0.02,0,78,87,65
USW00094846,"CHICAGO OHARE INTERNATIONAL AIRPORT, IL US",28/07/2014,11.18,0,0,67,73,59
USW00094846,"CHICAGO OHARE INTERNATIONAL AIRPORT, IL US",29/07/2014,9.62,0.01,0,69,81,58
USW00094846,"CHICAGO OHARE INTERNATIONAL AIRPORT, IL US",30/07/2014,6.93,0,0,69,79,59
USW00094846,"CHICAGO OHARE INTERNATIONAL AIRPORT, IL US",31/07/2014,8.5,0,0,71,84,59
USW00094846,"CHICAGO OHARE INTERNATIONAL AIRPORT, IL US",01/08/2014,6.93,0.15,0,73,85,62
USW00094846,"CHICAGO OHARE INTERNATIONAL AIRPORT, IL US",02/08/2014,4.25,0,0,72,86,59
USW00094846,"CHICAGO OHARE INTERNATIONAL AIRPORT, IL US",03/08/2014,6.93,0,0,75,87,62
USW00094846,"CHICAGO OHARE INTERNATIONAL AIRPORT, IL US",04/08/2014,7.61,2.76,0,75,87,67
USW00094846,"CHICAGO OHARE INTERNATIONAL AIRPORT, IL US",05/08/2014,6.26,0,0,71,80,64
USW00094846,"CHICAGO OHARE INTERNATIONAL AIRPORT, IL US",06/08/2014,6.26,0,0,71,80,62
USW00094846,"CHICAGO OHARE INTERNATIONAL AIRPORT, IL US",07/08/2014,8.95,0,0,72,81,61
USW00094846,"CHICAGO OHARE INTERNATIONAL AIRPORT, IL US",08/08/2014,10.74,0,0,74,82,66
USW00094846,"CHICAGO OHARE INTERNATIONAL AIRPORT, IL US",09/08/2014,9.17,0,0,74,80,66
USW00094846,"CHICAGO OHARE INTERNATIONAL AIRPORT, IL US",10/08/2014,8.5,0,0,74,81,69
USW00094846,"CHICAGO OHARE INTERNATIONAL AIRPORT, IL US",11/08/2014,6.71,0.85,0,72,82,67
USW00094846,"CHICAGO OHARE INTERNATIONAL AIRPORT, IL US",12/08/2014,12.08,0.07,0,67,70,61
USW00094846,"CHICAGO OHARE INTERNATIONAL AIRPORT, IL US",13/08/2014,9.4,0,0,69,82,57
USW00094846,"CHICAGO OHARE INTERNATIONAL AIRPORT, IL US",14/08/2014,7.61,0,0,67,72,57
USW00094846,"CHICAGO OHARE INTERNATIONAL AIRPORT, IL US",15/08/2014,6.04,0,0,65,78,52
USW00094846,"CHICAGO OHARE INTERNATIONAL AIRPORT, IL US",16/08/2014,8.28,0,0,71,82,62
USW00094846,"CHICAGO OHARE INTERNATIONAL AIRPORT, IL US",17/08/2014,8.5,0,0,70,71,64
USW00094846,"CHICAGO OHARE INTERNATIONAL AIRPORT, IL US",18/08/2014,4.92,0,0,70,83,65
USW00094846,"CHICAGO OHARE INTERNATIONAL AIRPORT, IL US",19/08/2014,10.74,0.09,0,77,86,69
USW00094846,"CHICAGO OHARE INTERNATIONAL AIRPORT, IL US",20/08/2014,7.83,0,0,76,86,66
USW00094846,"CHICAGO OHARE INTERNATIONAL AIRPORT, IL US",21/08/2014,4.92,0.98,0,75,79,70
USW00094846,"CHICAGO OHARE INTERNATIONAL AIRPORT, IL US",22/08/2014,5.14,1.58,0,78,86,72
USW00094846,"CHICAGO OHARE INTERNATIONAL AIRPORT, IL US",23/08/2014,4.92,0.34,0,77,86,68
USW00094846,"CHICAGO OHARE INTERNATIONAL AIRPORT, IL US",24/08/2014,7.38,0,0,76,88,70
USW00094846,"CHICAGO OHARE INTERNATIONAL AIRPORT, IL US",25/08/2014,6.71,0.01,0,79,88,71
USW00094846,"CHICAGO OHARE INTERNATIONAL AIRPORT, IL US",26/08/2014,6.04,0.12,0,76,85,71
USW00094846,"CHICAGO OHARE INTERNATIONAL AIRPORT, IL US",27/08/2014,6.93,0,0,74,82,67
USW00094846,"CHICAGO OHARE INTERNATIONAL AIRPORT, IL US",28/08/2014,8.5,0,0,71,77,67
USW00094846,"CHICAGO OHARE INTERNATIONAL AIRPORT, IL US",29/08/2014,11.18,0.08,0,76,86,71
USW00094846,"CHICAGO OHARE INTERNATIONAL AIRPORT, IL US",30/08/2014,11.63,0.27,0,77,83,70
USW00094846,"CHICAGO OHARE INTERNATIONAL AIRPORT, IL US",31/08/2014,6.71,0,0,76,85,68
USW00094846,"CHICAGO OHARE INTERNATIONAL AIRPORT, IL US",01/09/2014,11.41,0.36,0,77,83,70
USW00094846,"CHICAGO OHARE INTERNATIONAL AIRPORT, IL US",02/09/2014,5.82,0.01,0,74,82,67
USW00094846,"CHICAGO OHARE INTERNATIONAL AIRPORT, IL US",03/09/2014,6.71,0,0,73,83,61
USW00094846,"CHICAGO OHARE INTERNATIONAL AIRPORT, IL US",04/09/2014,12.53,0.26,0,76,85,71
USW00094846,"CHICAGO OHARE INTERNATIONAL AIRPORT, IL US",05/09/2014,10.96,0.5,0,80,88,64
USW00094846,"CHICAGO OHARE INTERNATIONAL AIRPORT, IL US",06/09/2014,8.5,0,0,67,75,60
USW00094846,"CHICAGO OHARE INTERNATIONAL AIRPORT, IL US",07/09/2014,4.25,0,0,67,80,54
USW00094846,"CHICAGO OHARE INTERNATIONAL AIRPORT, IL US",08/09/2014,6.26,0,0,67,77,55
USW00094846,"CHICAGO OHARE INTERNATIONAL AIRPORT, IL US",09/09/2014,7.61,0.01,0,70,79,63
USW00094846,"CHICAGO OHARE INTERNATIONAL AIRPORT, IL US",10/09/2014,15.88,1.31,0,72,80,56
USW00094846,"CHICAGO OHARE INTERNATIONAL AIRPORT, IL US",11/09/2014,10.29,0,0,54,56,50
USW00094846,"CHICAGO OHARE INTERNATIONAL AIRPORT, IL US",12/09/2014,12.53,0.13,0,51,55,44
USW00094846,"CHICAGO OHARE INTERNATIONAL AIRPORT, IL US",13/09/2014,7.61,0,0,47,59,41
USW00094846,"CHICAGO OHARE INTERNATIONAL AIRPORT, IL US",14/09/2014,4.92,0,0,53,65,42
USW00094846,"CHICAGO OHARE INTERNATIONAL AIRPORT, IL US",15/09/2014,4.92,0,0,56,62,51
USW00094846,"CHICAGO OHARE INTERNATIONAL AIRPORT, IL US",16/09/2014,4.47,0,0,56,68,44
USW00094846,"CHICAGO OHARE INTERNATIONAL AIRPORT, IL US",17/09/2014,2.91,0,0,59,70,48
USW00094846,"CHICAGO OHARE INTERNATIONAL AIRPORT, IL US",18/09/2014,6.26,0,0,61,70,53
USW00094846,"CHICAGO OHARE INTERNATIONAL AIRPORT, IL US",19/09/2014,11.41,0,0,63,78,53
USW00094846,"CHICAGO OHARE INTERNATIONAL AIRPORT, IL US",20/09/2014,10.07,0.12,0,69,77,63
USW00094846,"CHICAGO OHARE INTERNATIONAL AIRPORT, IL US",21/09/2014,12.75,0,0,65,69,51
USW00094846,"CHICAGO OHARE INTERNATIONAL AIRPORT, IL US",22/09/2014,5.59,0,0,55,67,46
USW00094846,"CHICAGO OHARE INTERNATIONAL AIRPORT, IL US",23/09/2014,4.25,0,0,60,74,51
USW00094846,"CHICAGO OHARE INTERNATIONAL AIRPORT, IL US",24/09/2014,5.59,0,0,65,77,54
USW00094846,"CHICAGO OHARE INTERNATIONAL AIRPORT, IL US",25/09/2014,2.01,0,0,65,74,56
USW00094846,"CHICAGO OHARE INTERNATIONAL AIRPORT, IL US",26/09/2014,4.47,0,0,65,79,51
USW00094846,"CHICAGO OHARE INTERNATIONAL AIRPORT, IL US",27/09/2014,3.8,0,0,66,79,54
USW00094846,"CHICAGO OHARE INTERNATIONAL AIRPORT, IL US",28/09/2014,3.13,0,0,65,78,53
USW00094846,"CHICAGO OHARE INTERNATIONAL AIRPORT, IL US",29/09/2014,8.95,0.01,0,66,83,53
USW00094846,"CHICAGO OHARE INTERNATIONAL AIRPORT, IL US",30/09/2014,9.62,0,0,53,58,47
USW00094846,"CHICAGO OHARE INTERNATIONAL AIRPORT, IL US",01/10/2014,10.51,0,0,58,70,49
USW00094846,"CHICAGO OHARE INTERNATIONAL AIRPORT, IL US",02/10/2014,7.83,0.32,0,67,72,63
USW00094846,"CHICAGO OHARE INTERNATIONAL AIRPORT, IL US",03/10/2014,16.33,0.68,0,60,65,43
USW00094846,"CHICAGO OHARE INTERNATIONAL AIRPORT, IL US",04/10/2014,13.87,0.06,0,42,47,35
USW00094846,"CHICAGO OHARE INTERNATIONAL AIRPORT, IL US",05/10/2014,8.95,0.01,0,45,55,37
USW00094846,"CHICAGO OHARE INTERNATIONAL AIRPORT, IL US",06/10/2014,8.72,0.01,0,52,61,42
USW00094846,"CHICAGO OHARE INTERNATIONAL AIRPORT, IL US",07/10/2014,11.41,0,0,55,66,48
USW00094846,"CHICAGO OHARE INTERNATIONAL AIRPORT, IL US",08/10/2014,11.41,0,0,54,65,44
USW00094846,"CHICAGO OHARE INTERNATIONAL AIRPORT, IL US",09/10/2014,5.82,0,0,54,62,43
USW00094846,"CHICAGO OHARE INTERNATIONAL AIRPORT, IL US",10/10/2014,8.28,0,0,50,58,39
USW00094846,"CHICAGO OHARE INTERNATIONAL AIRPORT, IL US",11/10/2014,4.47,0,0,47,59,36
USW00094846,"CHICAGO OHARE INTERNATIONAL AIRPORT, IL US",12/10/2014,9.17,0.01,0,49,63,38
USW00094846,"CHICAGO OHARE INTERNATIONAL AIRPORT, IL US",13/10/2014,9.17,0.64,0,59,67,56
USW00094846,"CHICAGO OHARE INTERNATIONAL AIRPORT, IL US",14/10/2014,10.29,0.65,0,63,65,52
USW00094846,"CHICAGO OHARE INTERNATIONAL AIRPORT, IL US",15/10/2014,9.84,0.05,0,53,55,50
USW00094846,"CHICAGO OHARE INTERNATIONAL AIRPORT, IL US",16/10/2014,7.38,0,0,53,56,50
USW00094846,"CHICAGO OHARE INTERNATIONAL AIRPORT, IL US",17/10/2014,13.2,0,0,54,62,48
USW00094846,"CHICAGO OHARE INTERNATIONAL AIRPORT, IL US",18/10/2014,9.17,0.01,0,49,50,36
USW00094846,"CHICAGO OHARE INTERNATIONAL AIRPORT, IL US",19/10/2014,8.28,0,0,43,54,33
USW00094846,"CHICAGO OHARE INTERNATIONAL AIRPORT, IL US",20/10/2014,9.4,0.01,0,54,65,46
USW00094846,"CHICAGO OHARE INTERNATIONAL AIRPORT, IL US",21/10/2014,11.41,0,0,50,53,45
USW00094846,"CHICAGO OHARE INTERNATIONAL AIRPORT, IL US",22/10/2014,4.92,0,0,48,56,35
USW00094846,"CHICAGO OHARE INTERNATIONAL AIRPORT, IL US",23/10/2014,7.83,0,0,46,59,36
USW00094846,"CHICAGO OHARE INTERNATIONAL AIRPORT, IL US",24/10/2014,5.82,0,0,57,67,52
USW00094846,"CHICAGO OHARE INTERNATIONAL AIRPORT, IL US",25/10/2014,10.96,0,0,62,72,49
USW00094846,"CHICAGO OHARE INTERNATIONAL AIRPORT, IL US",26/10/2014,5.82,0,0,54,64,42
USW00094846,"CHICAGO OHARE INTERNATIONAL AIRPORT, IL US",27/10/2014,12.97,0,0,60,77,51
USW00094846,"CHICAGO OHARE INTERNATIONAL AIRPORT, IL US",28/10/2014,15.66,0,0,61,68,45
USW00094846,"CHICAGO OHARE INTERNATIONAL AIRPORT, IL US",29/10/2014,9.84,0,0,47,49,36
USW00094846,"CHICAGO OHARE INTERNATIONAL AIRPORT, IL US",30/10/2014,5.59,0,0,42,51,32
USW00094846,"CHICAGO OHARE INTERNATIONAL AIRPORT, IL US",31/10/2014,22.82,0.03,0.1,42,47,33
USW00094846,"CHICAGO OHARE INTERNATIONAL AIRPORT, IL US",01/11/2014,8.72,0,0,38,43,29
USW00094846,"CHICAGO OHARE INTERNATIONAL AIRPORT, IL US",02/11/2014,9.84,0,0,36,51,25
USW00094846,"CHICAGO OHARE INTERNATIONAL AIRPORT, IL US",03/11/2014,15.21,0,0,51,62,43
USW00094846,"CHICAGO OHARE INTERNATIONAL AIRPORT, IL US",04/11/2014,15.43,0,0,55,60,44
USW00094846,"CHICAGO OHARE INTERNATIONAL AIRPORT, IL US",05/11/2014,9.17,0,0,47,60,34
USW00094846,"CHICAGO OHARE INTERNATIONAL AIRPORT, IL US",06/11/2014,17,0,0,47,51,38
USW00094846,"CHICAGO OHARE INTERNATIONAL AIRPORT, IL US",07/11/2014,8.28,0,0,38,43,29
USW00094846,"CHICAGO OHARE INTERNATIONAL AIRPORT, IL US",08/11/2014,11.63,0.01,0,43,47,36
USW00094846,"CHICAGO OHARE INTERNATIONAL AIRPORT, IL US",09/11/2014,8.95,0,0,41,52,35
USW00094846,"CHICAGO OHARE INTERNATIONAL AIRPORT, IL US",10/11/2014,13.2,0,0,49,62,41
USW00094846,"CHICAGO OHARE INTERNATIONAL AIRPORT, IL US",11/11/2014,15.21,0.21,0,49,58,31
USW00094846,"CHICAGO OHARE INTERNATIONAL AIRPORT, IL US",12/11/2014,13.42,0,0,29,31,24
USW00094846,"CHICAGO OHARE INTERNATIONAL AIRPORT, IL US",13/11/2014,12.3,0,0,26,29,24
USW00094846,"CHICAGO OHARE INTERNATIONAL AIRPORT, IL US",14/11/2014,7.83,0,0,26,27,21
USW00094846,"CHICAGO OHARE INTERNATIONAL AIRPORT, IL US",15/11/2014,5.59,0.04,1.4,24,31,17
USW00094846,"CHICAGO OHARE INTERNATIONAL AIRPORT, IL US",16/11/2014,7.61,0.01,0.2,26,31,18
USW00094846,"CHICAGO OHARE INTERNATIONAL AIRPORT, IL US",17/11/2014,16.11,0,0.3,18,21,11
USW00094846,"CHICAGO OHARE INTERNATIONAL AIRPORT, IL US",18/11/2014,16.78,0,0,13,19,9
USW00094846,"CHICAGO OHARE INTERNATIONAL AIRPORT, IL US",19/11/2014,15.21,0,0,22,32,17
USW00094846,"CHICAGO OHARE INTERNATIONAL AIRPORT, IL US",20/11/2014,14.99,0,0,22,27,14
USW00094846,"CHICAGO OHARE INTERNATIONAL AIRPORT, IL US",21/11/2014,8.5,0,0,20,35,7
USW00094846,"CHICAGO OHARE INTERNATIONAL AIRPORT, IL US",22/11/2014,13.2,0.07,0,37,52,33
USW00094846,"CHICAGO OHARE INTERNATIONAL AIRPORT, IL US",23/11/2014,10.51,0.63,0,50,52,48
USW00094846,"CHICAGO OHARE INTERNATIONAL AIRPORT, IL US",24/11/2014,17.22,0.43,0.7,42,49,24
USW00094846,"CHICAGO OHARE INTERNATIONAL AIRPORT, IL US",25/11/2014,10.29,0.01,0.2,24,26,18
USW00094846,"CHICAGO OHARE INTERNATIONAL AIRPORT, IL US",26/11/2014,5.14,0,0,22,29,17
USW00094846,"CHICAGO OHARE INTERNATIONAL AIRPORT, IL US",27/11/2014,9.84,0,0,25,27,15
USW00094846,"CHICAGO OHARE INTERNATIONAL AIRPORT, IL US",28/11/2014,10.51,0,0,22,34,18
USW00094846,"CHICAGO OHARE INTERNATIONAL AIRPORT, IL US",29/11/2014,13.2,0,0,37,51,29
USW00094846,"CHICAGO OHARE INTERNATIONAL AIRPORT, IL US",30/11/2014,11.41,0,0,46,50,24
USW00094846,"CHICAGO OHARE INTERNATIONAL AIRPORT, IL US",01/12/2014,11.63,0,0,22,25,18
USW00094846,"CHICAGO OHARE INTERNATIONAL AIRPORT, IL US",02/12/2014,10.07,0,0,25,34,18
USW00094846,"CHICAGO OHARE INTERNATIONAL AIRPORT, IL US",03/12/2014,10.51,0,0,30,37,24
USW00094846,"CHICAGO OHARE INTERNATIONAL AIRPORT, IL US",04/12/2014,7.61,0,0,28,35,23
USW00094846,"CHICAGO OHARE INTERNATIONAL AIRPORT, IL US",05/12/2014,4.7,0,0,35,40,32
USW00094846,"CHICAGO OHARE INTERNATIONAL AIRPORT, IL US",06/12/2014,11.41,0,0,35,40,26
USW00094846,"CHICAGO OHARE INTERNATIONAL AIRPORT, IL US",07/12/2014,9.84,0,0,31,36,26
USW00094846,"CHICAGO OHARE INTERNATIONAL AIRPORT, IL US",08/12/2014,9.17,0.2,0,33,37,32
USW00094846,"CHICAGO OHARE INTERNATIONAL AIRPORT, IL US",09/12/2014,13.42,0,0,35,38,31
USW00094846,"CHICAGO OHARE INTERNATIONAL AIRPORT, IL US",10/12/2014,11.18,0,0,31,33,28
USW00094846,"CHICAGO OHARE INTERNATIONAL AIRPORT, IL US",11/12/2014,8.95,0,0,28,32,23
USW00094846,"CHICAGO OHARE INTERNATIONAL AIRPORT, IL US",12/12/2014,9.4,0,0,29,37,23
USW00094846,"CHICAGO OHARE INTERNATIONAL AIRPORT, IL US",13/12/2014,7.83,0,0,38,47,35
USW00094846,"CHICAGO OHARE INTERNATIONAL AIRPORT, IL US",14/12/2014,8.28,0,0,47,50,45
USW00094846,"CHICAGO OHARE INTERNATIONAL AIRPORT, IL US",15/12/2014,11.41,0.06,0,46,46,42
USW00094846,"CHICAGO OHARE INTERNATIONAL AIRPORT, IL US",16/12/2014,12.08,0.02,0,42,45,29
USW00094846,"CHICAGO OHARE INTERNATIONAL AIRPORT, IL US",17/12/2014,11.18,0,0,28,29,24
USW00094846,"CHICAGO OHARE INTERNATIONAL AIRPORT, IL US",18/12/2014,5.59,0,0,24,28,19
USW00094846,"CHICAGO OHARE INTERNATIONAL AIRPORT, IL US",19/12/2014,4.92,0,0,29,32,27
USW00094846,"CHICAGO OHARE INTERNATIONAL AIRPORT, IL US",20/12/2014,3.8,0,0,30,33,28
USW00094846,"CHICAGO OHARE INTERNATIONAL AIRPORT, IL US",21/12/2014,10.29,0,0,33,36,31
USW00094846,"CHICAGO OHARE INTERNATIONAL AIRPORT, IL US",22/12/2014,11.18,0.32,0,33,41,28
USW00094846,"CHICAGO OHARE INTERNATIONAL AIRPORT, IL US",23/12/2014,10.51,0.19,0,44,48,38
USW00094846,"CHICAGO OHARE INTERNATIONAL AIRPORT, IL US",24/12/2014,8.05,0,0,39,40,36
USW00094846,"CHICAGO OHARE INTERNATIONAL AIRPORT, IL US",25/12/2014,14.32,0,0,37,42,33
USW00094846,"CHICAGO OHARE INTERNATIONAL AIRPORT, IL US",26/12/2014,10.29,0,0,41,50,36
USW00094846,"CHICAGO OHARE INTERNATIONAL AIRPORT, IL US",27/12/2014,15.21,0,0,44,49,31
USW00094846,"CHICAGO OHARE INTERNATIONAL AIRPORT, IL US",28/12/2014,7.61,0,0,29,35,22
USW00094846,"CHICAGO OHARE INTERNATIONAL AIRPORT, IL US",29/12/2014,9.4,0,0,27,30,19
USW00094846,"CHICAGO OHARE INTERNATIONAL AIRPORT, IL US",30/12/2014,10.51,0,0,17,20,9
USW00094846,"CHICAGO OHARE INTERNATIONAL AIRPORT, IL US",31/12/2014,13.87,0,0,11,18,4
